ep,marca,convidado,gravidade,tipos,descricao,url
#318,Anima Podcast,Pe. Cássio,alta,"convidado-desproporcional, convidado-flutuando, convidado-qualidade",Frame de vídeo em close: cabeça do padre bem maior que a do casal (quase o dobro). | Foto é um retângulo de vídeo com corte reto na altura do peito (~y 985) e faixa escura abaixo; não assenta na base como o casal. | Mão em movimento borrada em primeiro plano e microfone cortado na borda direita.,https://audiovisual-anima.github.io/thumbs-anima/review/novos/e318.png
#314,Anima Podcast,João Malheiro,alta,"convidado-desproporcional, convidado-flutuando, convidado-qualidade, texto-sobreposto","Texto 'FAZ' de um lettering de vídeo gravado dentro da foto do convidado, à esquerda do rosto. | Linha 'CORAÇÃO EXPLODIR' encosta/entra no ombro e no rosto do convidado. | Retângulo de vídeo com bordas retas (esquerda e base ~y 990); não assenta na base. | Cabeça do convidado maior que a do casal.",https://audiovisual-anima.github.io/thumbs-anima/review/novos/e314.png
#313,Anima Podcast,Sabrina e Steven J. Gunnell,alta,"convidado-desproporcional, convidado-flutuando, texto-sobreposto","Foto da dupla é um retângulo pequeno que termina em ~y 690, no meio da tela; grande vazio preto abaixo até o rodapé. | 'QUE' do título e 'GUNNELL' da linha 'COM ...' entram na foto da dupla. | Dupla pequena em relação ao casal (cabeças com cerca de metade da altura).",https://audiovisual-anima.github.io/thumbs-anima/review/novos/e313.png
#312,Anima Podcast,Pe. Christian Mendoza,alta,"convidado-cortado, convidado-desproporcional","Close muito grande: cabeça do padre com cerca de 1,5x a do casal. | Lado direito da cabeça/orelha cortado pela borda direita da imagem.",https://audiovisual-anima.github.io/thumbs-anima/review/novos/e312.png
#310,Anima Podcast,Enrico Misasi e Reinaldo Alguz,alta,"convidado-desproporcional, convidado-flutuando, texto-desalinhado, texto-sobreposto",Foto da dupla é um retângulo que termina em ~y 670; grande vazio preto abaixo até o rodapé. | 'COISA' do título e 'REINALDO' da linha 'COM ...' entram na foto da dupla. | Dupla pequena em relação ao casal. | 'COM ENRICO MISASI E REINALDO / ALGUZ' quebra com sobrenome isolado na segunda linha.,https://audiovisual-anima.github.io/thumbs-anima/review/novos/e310.png
#305,Anima Podcast,Clara e Thomaz Magalhães,alta,"convidado-cortado, convidado-desproporcional, texto-sobreposto",Thomaz (à direita) com metade do rosto cortada pela borda direita da imagem. | Dupla menor que o casal e posicionada mais baixa (cabeças começam em ~y 450 contra ~250 do casal). | 'COM CLARA E THOMAZ MAGALHÃES' termina quase encostando no cabelo de Clara.,https://audiovisual-anima.github.io/thumbs-anima/review/casal-lote/e305.png
#293,Anima Podcast,Maria Clara e Enrico Misasi,alta,convidado-cortado,Maria Clara (à direita) com metade do rosto cortada pela borda direita da imagem.,https://audiovisual-anima.github.io/thumbs-anima/review/casal-lote/e293.png
#279,Anima Podcast,Jayme Monjardim e Suzana Castelo,alta,"casal-problema, texto-sobreposto",Título 'FILME DE GUIDO SCHAFFER' invade o ombro/paletó do convidado (Jayme) | Linha 'COM JAYME MONJARDIM E SUZANA' encosta no braço do convidado; nome quebrado em duas linhas com 'CASTELO' isolado | Casal com enquadramento diferente do padrão (levemente maior/mais baixo que nas demais thumbs),https://audiovisual-anima.github.io/thumbs-anima/review/casal-lote/e279.png
#268,Anima Podcast,Guto Azevedo e Zulene Parente,alta,texto-sobreposto,Título 'ANIMA E SANTO FLOW' sobrepõe o cabelo/rosto da convidada (Zulene) | 'COM GUTO AZEVEDO E ZULENE' sobrepõe o blazer da convidada; nome quebrado em duas linhas com 'PARENTE' isolado,https://audiovisual-anima.github.io/thumbs-anima/review/casal-lote/e268.png
#260,Anima Podcast,Diogo e Vanessa,alta,"casal-problema, composicao","Sem nenhuma foto: nem casal nem convidado, só fundo preto com logo, título, nome e badge | Casal de apresentadores ausente",https://audiovisual-anima.github.io/thumbs-anima/review/casal-lote/e260.png
#234,Anima Podcast,José Roberto e Maria Carolina,alta,"badge-sobreposto, convidado-cortado, convidado-desproporcional, texto-sobreposto","Dupla muito grande: cabeças bem maiores que as do casal, topo da cabeça do homem quase na moldura verde. | 'COM JOSÉ ROBERTO E MARIA CAROLINA' quebrou em 2 linhas e a palavra 'MARIA' fica sobre o braço/ombro da convidada; título 'A CASTIDADE' quase encosta no cabelo dela. | Badge 'EPISÓDIO #234' sobrepõe a manga da convidada. | Homem da dupla cortado na borda direita (ombro e lateral fora do quadro).",https://audiovisual-anima.github.io/thumbs-anima/review/casal-lote/e234.png
#221,Anima Podcast,Diogo Viana,alta,convidado-qualidade,Recorte do convidado com serrilhado/pixelização visível nas bordas do terno (lado esquerdo e ombros) e no topo da cabeça,https://audiovisual-anima.github.io/thumbs-anima/review/casal-lote/e221.png
#212,Anima Podcast,Kenya Camerotte e Berthaldo Soares,alta,"convidado-cortado, convidado-desproporcional",A convidada (Kenya) está cortada na lateral direita da imagem: metade do rosto e do corpo fora do quadro | Dupla muito menor que o casal de apresentadores (cabeças com cerca de 2/3 do tamanho),https://audiovisual-anima.github.io/thumbs-anima/review/casal-lote/e212.png
#205,Anima Podcast,Simone Fuzaro,alta,texto-desalinhado,"Erro de texto: falta espaço em 'MODA INOCENTEOU FUGA' (deveria ser 'INOCENTE OU') | Título em 3 linhas com 'COM SIMONE FUZARO' colado logo abaixo, pouco respiro",https://audiovisual-anima.github.io/thumbs-anima/review/casal-lote/e205.png
#204,Anima Podcast,Glaucio e Tay Cristelo,alta,"convidado-flutuando, convidado-qualidade, texto-sobreposto","Foto da dupla termina em corte reto por volta de 80% da altura, deixando faixa preta abaixo; não encosta na base | Título ('FAMÍLIA CRISTELO:' e 'MÚSICA, AMOR E FÉ') e 'COM GLAUCIO E TAY CRISTELO' sobrepõem o cabelo, o rosto e a jaqueta da convidada Tay | Foto da dupla com aparência de baixa resolução/pixelada, sem o padrão de estúdio das demais",https://audiovisual-anima.github.io/thumbs-anima/review/novos/e204.png
#198,Anima Podcast,Monsenhor Sérgio,alta,"texto-desalinhado, texto-sobreposto","Erro de texto: falta espaço em 'TUDO SOBREA ELEIÇÃO DO' (deveria ser 'SOBRE A') | Linha 'TUDO SOBREA ELEIÇÃO DO' muito larga, quase encostando no rosto do convidado",https://audiovisual-anima.github.io/thumbs-anima/review/casal-lote/e198.png
#173,Anima Podcast,Mariangela Consoli,alta,"convidado-desproporcional, texto-sobreposto","Convidada muito grande: cabeça ocupa de y~190 a ~640, cerca de 50% maior que as cabeças do casal, e o corpo avança até x~1170 quase encostando no badge | 'COM MARIANGELA CONSOLI' termina a poucos pixels do cabelo da convidada",https://audiovisual-anima.github.io/thumbs-anima/review/casal-lote/e173.png
#140,Anima Podcast,Jessyca Oliveira,alta,"convidado-desproporcional, texto-sobreposto",Close extremo: rosto da convidada quase o dobro do tamanho dos rostos do casal | 'PERDI MEUS 4 MEMBROS' e 'COM JESSYCA OLIVEIRA' encostam no cabelo da convidada,https://audiovisual-anima.github.io/thumbs-anima/review/casal-lote/e140.png
#135,Anima Podcast,Padre Balbino,alta,composicao,"Entrada aponta para o mesmo arquivo e135.png, que mostra Rafael Brito / 'Especial São Miguel Arcanjo' — não existe imagem de Padre Balbino / 'Segredos da Semana Santa' (arquivo duplicado no lote)",https://audiovisual-anima.github.io/thumbs-anima/review/casal-lote/e135.png
#56,Anima Podcast,Chris Tonietto,alta,"convidado-desproporcional, texto-sobreposto","'PREFIRO PERDER A ELEIÇÃO' sobrepõe claramente o cabelo da convidada | Convidada um pouco maior que o casal, com o vestido chegando perto do badge",https://audiovisual-anima.github.io/thumbs-anima/review/casal-lote/e56.png
#5,Anima Podcast,João Lucas,alta,"convidado-desproporcional, texto-sobreposto","Final da linha 'ALFABETIZAÇÃO PRECOCE' sobrepõe os óculos/têmpora do convidado | Convidado em close de busto, cabeça bem maior que a do casal",https://audiovisual-anima.github.io/thumbs-anima/review/casal-lote/e5.png
#71,Anima Podcast Saúde,Camila Komatsu,alta,"convidado-cortado, convidado-desproporcional","Topo do cabelo da convidada passa por cima da moldura azul e encosta na borda superior | Convidada muito maior que o casal (cabeça ~40% maior), close de busto",https://audiovisual-anima.github.io/thumbs-anima/review/saude/e71.png
#70,Anima Podcast Saúde,Kyra Gracie,alta,"convidado-cortado, convidado-desproporcional","Cabelo da convidada cortado na borda superior, acima da moldura azul | Convidada muito maior que o casal, close de busto",https://audiovisual-anima.github.io/thumbs-anima/review/saude/e70.png
#68,Anima Podcast Saúde,Fran Romanini,alta,"convidado-cortado, convidado-desproporcional","Cabelo da convidada cortado na borda superior da imagem, acima da moldura azul | Convidada muito maior que o casal, cabeça ~35% maior",https://audiovisual-anima.github.io/thumbs-anima/review/saude/e68.png
#66,Anima Podcast Saúde,Érika Nery,alta,"convidado-cortado, convidado-desproporcional","Cabelo da convidada cortado na borda superior, acima da moldura azul | Convidada muito maior que o casal, close de busto ocupando toda a altura",https://audiovisual-anima.github.io/thumbs-anima/review/saude/e66.png
#59,Anima Podcast Saúde,Fernanda Tofoli,alta,"convidado-cortado, convidado-qualidade","Cabelo da convidada encosta na borda superior da imagem, passando por cima da moldura azul | Recorte com serrilhado visível no braço esquerdo (lado do título)",https://audiovisual-anima.github.io/thumbs-anima/review/saude/e59.png
#58,Anima Podcast Saúde,Rachel Rebouças,alta,"convidado-cortado, convidado-desproporcional","Topo do cabelo cortado na borda superior da imagem, acima da moldura azul | Cabeça da convidada bem maior que as do casal (foto ampliada demais)",https://audiovisual-anima.github.io/thumbs-anima/review/saude/e58.png
#56,Anima Podcast Saúde,Dalila Faleiro,alta,"convidado-cortado, convidado-qualidade","Topo do cabelo quase na borda superior da imagem, por cima da moldura azul | Recorte serrilhado no cotovelo esquerdo (lado do título)",https://audiovisual-anima.github.io/thumbs-anima/review/saude/e56.png
#54,Anima Podcast Saúde,Lourenço Alencar e Luísa Peleja,alta,"convidado-cortado, texto-desalinhado, texto-sobreposto",Fim do título (NICOTINA) e da linha COM ... LUÍSA invadem o ombro/braço da convidada | Nome dos convidados quebra em duas linhas com PELEJA sozinho na segunda | Cabelo do convidado (direita) encosta na borda superior da imagem,https://audiovisual-anima.github.io/thumbs-anima/review/saude/e54.png
#52,Anima Podcast Saúde,Clarisse Casali,alta,"convidado-cortado, convidado-desproporcional","Cabelo encosta na borda superior, por cima da moldura azul | Cabeça da convidada bem maior que as do casal | Lado esquerdo do blazer termina em corte reto vertical (borda da foto original)",https://audiovisual-anima.github.io/thumbs-anima/review/saude/e52.png
#317,Anima Podcast,Martha Rocha,media,"convidado-desproporcional, convidado-qualidade","Frame de vídeo com a cabeça da convidada maior que a do casal e cabelo quase encostando na moldura superior. | Borrão de movimento (mão/ombro) na altura do busto, lado direito.",https://audiovisual-anima.github.io/thumbs-anima/review/novos/e317.png
#315,Anima Podcast,Juan Fernando Sellés,media,"convidado-desproporcional, convidado-flutuando, texto-sobreposto",Retângulo de vídeo com corte reto na altura do peito (~y 990) e faixa escura abaixo; convidado parece flutuar acima do rodapé. | Cabeça maior que a do casal; microfone cortado na borda direita. | 'COM JUAN FERNANDO SELLÉS' termina quase encostando no ombro do convidado.,https://audiovisual-anima.github.io/thumbs-anima/review/novos/e315.png
#297,Anima Podcast,Dom Virgílio Antunes,media,texto-sobreposto,'O BISPO QUE CONHECEU' encosta no cabelo/testa do convidado (fim da linha em ~x 1415).,https://audiovisual-anima.github.io/thumbs-anima/review/casal-lote/e297.png
#296,Anima Podcast,Vivy e Nathan,media,"texto-desalinhado, texto-sobreposto",Título largo: 'ISSO' encosta na cabeça do apresentador à esquerda e 'MISSÃO' encosta no ombro de Nathan à direita. | Badge 'EPISÓDIO #296' deslocado para a esquerda (~x 780-1075) em relação ao padrão dos demais.,https://audiovisual-anima.github.io/thumbs-anima/review/casal-lote/e296.png
#295,Anima Podcast,Alvaro e Daniel,media,convidado-desproporcional,Dupla pequena: cabeças com ~60% da altura das do casal e topo em ~y 370 (casal em ~250).,https://audiovisual-anima.github.io/thumbs-anima/review/casal-lote/e295.png
#290,Anima Podcast,Tiago Benetti e Alexandre Machafer,media,"convidado-cortado, convidado-desproporcional, texto-sobreposto",Alexandre (à direita) com parte do rosto/cabeça cortada pela borda direita. | 'COM TIAGO BENETTI E ALEXANDRE' termina encostando no ombro de Tiago; nome quebra em 2 linhas com 'MACHAFER' isolado. | Dupla menor que o casal (cabeças a partir de ~y 340).,https://audiovisual-anima.github.io/thumbs-anima/review/casal-lote/e290.png
#280,Anima Podcast,Alex e Rafa Brasileiro,media,"convidado-cortado, convidado-desproporcional","Homem da dupla cortado na borda direita, só metade do rosto visível | Dupla bem menor que o casal, cabeças muito abaixo da altura das cabeças do casal",https://audiovisual-anima.github.io/thumbs-anima/review/casal-lote/e280.png
#273,Anima Podcast,Rosa Maria e Pe. Alan,media,"convidado-cortado, convidado-desproporcional","Pe. Alan cortado na borda direita, só parte do rosto visível | Dupla bem menor que o casal, cabeças muito abaixo da altura das cabeças do casal",https://audiovisual-anima.github.io/thumbs-anima/review/casal-lote/e273.png
#272,Anima Podcast,Tatiana Sampaio e Bruno Cortes,media,"convidado-cortado, convidado-desproporcional, texto-sobreposto","Bruno cortado na borda direita, só metade do rosto visível | Dupla menor que o casal, cabeças abaixo da altura das cabeças do casal | Nome quebrado em duas linhas ('CORTES' isolado) e a 1ª linha encosta no cabelo da convidada",https://audiovisual-anima.github.io/thumbs-anima/review/casal-lote/e272.png
#264,Anima Podcast,Simone Medeiros,media,texto-sobreposto,Título 'CASAMENTO CATÓLICO:' encosta no cabelo da convidada (dois-pontos tocando a foto),https://audiovisual-anima.github.io/thumbs-anima/review/casal-lote/e264.png
#261,Anima Podcast,Joel Gracioso,media,texto-sobreposto,Título 'SANTO AGOSTINHO' encosta no ombro esquerdo do convidado,https://audiovisual-anima.github.io/thumbs-anima/review/casal-lote/e261.png
#259,Anima Podcast,Alvaro Siviero e Sérgio Resende,media,"convidado-cortado, convidado-desproporcional, texto-sobreposto","Homem da direita (Sérgio) cortado na borda, só metade do rosto visível | Dupla bem menor que o casal, cabeças pequenas e baixas em relação ao casal | 'COM ALVARO SIVIERO E SÉRGIO' encosta no paletó do convidado; nome quebrado em duas linhas com 'RESENDE' isolado",https://audiovisual-anima.github.io/thumbs-anima/review/casal-lote/e259.png
#258,Anima Podcast,Marcus e Yanna Varandas,media,"convidado-cortado, convidado-desproporcional, texto-sobreposto","Yanna cortada na borda direita, só metade do rosto visível | Dupla menor que o casal, cabeças bem abaixo da altura das cabeças do casal | 'COM MARCUS E YANNA VARANDAS' encosta no ombro do convidado",https://audiovisual-anima.github.io/thumbs-anima/review/casal-lote/e258.png
#255,Anima Podcast,Alexandra Bastos,media,texto-sobreposto,Linha 'COM ALEXANDRA BASTOS' encosta no ombro esquerdo da convidada (sem respiro entre texto e foto).,https://audiovisual-anima.github.io/thumbs-anima/review/casal-lote/e255.png
#253,Anima Podcast,Pedrinho Salomão,media,"convidado-desproporcional, texto-sobreposto",'SEMPRE ANSIOSO' e 'COM PEDRINHO SALOMÃO' encostam no ombro esquerdo do convidado. | Convidado ligeiramente maior que o casal (topo da cabeça acima da cabeça do apresentador).,https://audiovisual-anima.github.io/thumbs-anima/review/casal-lote/e253.png
#249,Anima Podcast,Pe. Francisco Amaral,media,texto-sobreposto,'COM PE. FRANCISCO AMARAL' encosta no ombro esquerdo do convidado.,https://audiovisual-anima.github.io/thumbs-anima/review/casal-lote/e249.png
#248,Anima Podcast,Altamir Gomes,media,convidado-desproporcional,Cabeça do convidado visivelmente maior que a do casal; topo da cabeça bem acima do apresentador.,https://audiovisual-anima.github.io/thumbs-anima/review/casal-lote/e248.png
#242,Anima Podcast,Kenya e Berthaldo,media,"convidado-cortado, convidado-desproporcional","Homem da dupla cortado na borda direita (lateral da cabeça e ombro fora do quadro). | Dupla pequena e posicionada baixa: cabeças na altura do peito do casal, deixando vazio acima.",https://audiovisual-anima.github.io/thumbs-anima/review/casal-lote/e242.png
#241,Anima Podcast,Céci Portugal e Filipe Santos,media,"convidado-cortado, convidado-desproporcional",Mulher da dupla cortada na borda direita (metade da cabeça fora do quadro). | Dupla menor que o casal e posicionada baixa (cabeças abaixo da altura das cabeças do casal).,https://audiovisual-anima.github.io/thumbs-anima/review/casal-lote/e241.png
#238,Anima Podcast,Pe. Fabio Vieira,media,convidado-desproporcional,Cabeça do convidado visivelmente maior que a do casal; foto ocupa quase toda a metade direita.,https://audiovisual-anima.github.io/thumbs-anima/review/casal-lote/e238.png
#237,Anima Podcast,Pe. Jefferson Merighetti,media,texto-sobreposto,'COM PE. JEFFERSON MERIGHETTI' (linha longa) quase encosta no ombro esquerdo do convidado.,https://audiovisual-anima.github.io/thumbs-anima/review/casal-lote/e237.png
#236,Anima Podcast,Martinho Rocha,media,"convidado-desproporcional, texto-sobreposto",'COM MARTINHO ROCHA' quase encosta no ombro esquerdo do convidado. | Cabeça do convidado um pouco maior que a do casal.,https://audiovisual-anima.github.io/thumbs-anima/review/casal-lote/e236.png
#233,Anima Podcast,Yasmin Fleming,media,"composicao, texto-sobreposto",Título 'É AÍ QUE OS CASAMENTOS' (linha longa) encosta no cabelo do apresentador à esquerda e fica muito perto do cabelo da convidada à direita. | Título na imagem ('É AÍ QUE OS CASAMENTOS COMEÇAM A MORRER') diverge do título do JSON ('Quando o casamento comeca a morrer').,https://audiovisual-anima.github.io/thumbs-anima/review/casal-lote/e233.png
#229,Anima Podcast,Vera Tostes,media,convidado-desproporcional,"Convidada maior que o casal: cabeça mais alta e larga que a do apresentador, corpo ocupa toda a metade direita até a borda.",https://audiovisual-anima.github.io/thumbs-anima/review/casal-lote/e229.png
#215,Anima Podcast,Daniel Buttros,media,convidado-desproporcional,Cabeça do convidado visivelmente maior que a dos apresentadores (aprox. 25% maior),https://audiovisual-anima.github.io/thumbs-anima/review/casal-lote/e215.png
#210,Anima Podcast,Herrison Pontes e Jessica Dias,media,"convidado-cortado, convidado-desproporcional, texto-desalinhado, texto-sobreposto",'COM HERRISON PONTES E JESSICA' avança até encostar/sobrepor o braço da convidada Jessica | Nome dos convidados quebrado em duas linhas com 'DIAS' sozinho na segunda linha | Dupla menor que o casal de apresentadores (cabeças com cerca de 2/3 do tamanho) | Herrison cortado no braço/ombro direito pela borda da imagem,https://audiovisual-anima.github.io/thumbs-anima/review/casal-lote/e210.png
#209,Anima Podcast,Bel Martins,media,"texto-desalinhado, texto-sobreposto",Linha 'INTERNET QUE AMEAÇA' quase encosta no cabelo da convidada | Título em 3 linhas com 'CRIANÇAS' sozinha; 'COM BEL MARTINS' fica colado no título,https://audiovisual-anima.github.io/thumbs-anima/review/casal-lote/e209.png
#208,Anima Podcast,João Blota,media,"convidado-desproporcional, texto-desalinhado",Quebra de linha ruim: título em 3 linhas com 'CRACK' isolado na linha do meio ('USAVA 40 PEDRAS DE / CRACK / POR DIA E SOBREVIVI') | Cabeça do convidado maior que a dos apresentadores (aprox. 20% maior),https://audiovisual-anima.github.io/thumbs-anima/review/casal-lote/e208.png
#203,Anima Podcast,Renato Villarinho,media,convidado-desproporcional,Cabeça do convidado maior que a dos apresentadores (aprox. 20% maior),https://audiovisual-anima.github.io/thumbs-anima/review/casal-lote/e203.png
#201,Anima Podcast,Dom Roberto Lopes,media,"convidado-desproporcional, texto-desalinhado","Título em 4 linhas ('MILAGRES AINDA / ACONTECEM? / COMO A IGREJA / INVESTIGA?'), empurrando 'COM DOM ROBERTO LOPES' para perto do badge | Cabeça do convidado um pouco maior que a dos apresentadores",https://audiovisual-anima.github.io/thumbs-anima/review/casal-lote/e201.png
#190,Anima Podcast,Pe. Cabecinhas e Marco Daniel,media,"convidado-desproporcional, texto-desalinhado","Dupla de convidados bem menor que o casal: cabeças com cerca de metade da altura das cabeças dos apresentadores, topo das cabeças só em y~350 | 'COM PE. CABECINHAS E MARCO DANIEL' quebrou em duas linhas com 'DANIEL' sozinho na segunda linha",https://audiovisual-anima.github.io/thumbs-anima/review/casal-lote/e190.png
#185,Anima Podcast,Wellington Perciliano,media,texto-sobreposto,Final de 'COM WELLINGTON PERCILIANO' encosta no ombro/camiseta branca do convidado,https://audiovisual-anima.github.io/thumbs-anima/review/casal-lote/e185.png
#181,Anima Podcast,Rafael Brito,media,"convidado-desproporcional, texto-sobreposto",Os dois-pontos de 'MELHORES MOMENTOS:' encostam no cabelo/rosto do convidado | Cabeça do convidado um pouco maior que a dos apresentadores e avançando para o centro,https://audiovisual-anima.github.io/thumbs-anima/review/casal-lote/e181.png
#179,Anima Podcast,Irmã Zélia,media,convidado-desproporcional,"Convidada bem maior que o casal: cabeça com véu ocupa de y~180 a ~600, cerca de 40% maior que as cabeças dos apresentadores, e o corpo avança até o centro perto do badge",https://audiovisual-anima.github.io/thumbs-anima/review/casal-lote/e179.png
#175,Anima Podcast,Raquel Carpenter,media,"convidado-desproporcional, texto-sobreposto",Título 'À PRAIA NO MESMO DIA' encosta no cabelo da convidada | Cabeça da convidada maior que a dos apresentadores (y~200 a ~600),https://audiovisual-anima.github.io/thumbs-anima/review/casal-lote/e175.png
#171,Anima Podcast,Camila e Felipe Oliveira,media,"convidado-cortado, texto-sobreposto","Camila (segunda pessoa da dupla) cortada na borda direita: só parte do rosto aparece, olho e lateral fora do quadro | 'COM CAMILA E FELIPE OLIVEIRA' termina encostando no ombro de Felipe",https://audiovisual-anima.github.io/thumbs-anima/review/casal-lote/e171.png
#169,Anima Podcast,João Cláudio Rufino,media,texto-sobreposto,O 'M' final de 'O QUE NÃO TE CONTARAM' invade o cabelo/óculos do convidado,https://audiovisual-anima.github.io/thumbs-anima/review/casal-lote/e169.png
#168,Anima Podcast,Brasil Paralelo,media,convidado-cortado,Segundo convidado da dupla cortado na borda direita: metade do rosto e do corpo fora do quadro,https://audiovisual-anima.github.io/thumbs-anima/review/casal-lote/e168.png
#164,Anima Podcast,Diogo e Vanessa,media,"convidado-cortado, convidado-desproporcional",Dupla bem menor que o casal (cabeças com ~60% do tamanho) e posicionada mais baixa | Homem da dupla cortado na lateral direita pela borda,https://audiovisual-anima.github.io/thumbs-anima/review/casal-lote/e164.png
#159,Anima Podcast,Amábile Koester,media,"convidado-desproporcional, texto-sobreposto",Enquadramento muito fechado: rosto da convidada bem maior que o do casal | Fim de 'PARA AS REDES DE PESCA' encosta no cabelo da convidada,https://audiovisual-anima.github.io/thumbs-anima/review/casal-lote/e159.png
#157,Anima Podcast,Matheus Machado,media,texto-sobreposto,Fim de 'O QUE NÃO TE CONTARAM' encosta no cabelo do convidado,https://audiovisual-anima.github.io/thumbs-anima/review/casal-lote/e157.png
#156,Anima Podcast,André e Karina Parreira,media,"composicao, convidado-cortado, convidado-desproporcional","Dupla pequena e muito baixa: cabeças na altura da linha 'COM ...', bem abaixo das do casal | Grande espaço vazio acima da dupla no lado direito | Mulher da dupla cortada na lateral direita pela borda",https://audiovisual-anima.github.io/thumbs-anima/review/casal-lote/e156.png
#155,Anima Podcast,Aline Brasil,media,"convidado-desproporcional, texto-sobreposto",Rosto da convidada bem maior que o do casal (enquadramento fechado) | Fim de 'MOVE MULTIDÕES' encosta no cabelo da convidada,https://audiovisual-anima.github.io/thumbs-anima/review/casal-lote/e155.png
#151,Anima Podcast,Rafa e Alex Brasileiro,media,"convidado-cortado, convidado-desproporcional",Dupla menor que o casal (cabeças ~70% do tamanho) e posicionada mais baixa | Mulher da dupla cortada na lateral direita pela borda,https://audiovisual-anima.github.io/thumbs-anima/review/casal-lote/e151.png
#148,Anima Podcast,Ju Gava,media,convidado-desproporcional,Enquadramento muito fechado: rosto da convidada bem maior que o do casal,https://audiovisual-anima.github.io/thumbs-anima/review/casal-lote/e148.png
#145,Anima Podcast,Maria Dulce Arruda,media,"convidado-desproporcional, texto-sobreposto",Rosto da convidada bem maior que o do casal (enquadramento fechado) | 'COM MARIA DULCE ARRUDA' encosta no ombro/cabelo da convidada; título 'TRÁS' muito próximo do cabelo,https://audiovisual-anima.github.io/thumbs-anima/review/casal-lote/e145.png
#143,Anima Podcast,Ana Manente,media,convidado-desproporcional,Rosto da convidada maior que o do casal (enquadramento fechado),https://audiovisual-anima.github.io/thumbs-anima/review/casal-lote/e143.png
#137,Anima Podcast,Sidney Silveira,media,"convidado-desproporcional, texto-sobreposto",Fim de 'SANTO TOMÁS DE AQUINO' encosta no cabelo/rosto do convidado | Rosto do convidado um pouco maior que o do casal (enquadramento fechado),https://audiovisual-anima.github.io/thumbs-anima/review/casal-lote/e137.png
#134,Anima Podcast,Arte Piedosa,media,"composicao, convidado-cortado, convidado-desproporcional","Dupla muito menor que o casal: cabeças dos convidados começam só na altura do título (~y400) e têm cerca de 2/3 do tamanho das cabeças do casal | Homem da direita da dupla cortado pela borda direita da imagem (lateral da cabeça e ombro fora do quadro) | Grande espaço vazio acima da dupla, entre o topo da moldura e as cabeças",https://audiovisual-anima.github.io/thumbs-anima/review/casal-lote/e134.png
#125,Anima Podcast,Rafael Brito,media,texto-sobreposto,Primeira linha do título 'O ANJO NOS ABANDONA' encosta no cabelo/testa do convidado (último 'A' toca a foto),https://audiovisual-anima.github.io/thumbs-anima/review/casal-lote/e125.png
#122,Anima Podcast,Bruna Gutstein,media,"texto-desalinhado, texto-sobreposto",Segunda linha do título 'QUE FOI UM PLANO DE' encosta no cabelo da convidada | Título em 3 linhas com 'DEUS' isolado na última; 'COM BRUNA GUTSTEIN' fica colado ao título,https://audiovisual-anima.github.io/thumbs-anima/review/casal-lote/e122.png
#120,Anima Podcast,Eduardo Badu,media,texto-sobreposto,Primeira linha do título 'DE FUNKEIRO BRIGUENTO' encosta na cabeça do convidado (letra 'O' toca a foto),https://audiovisual-anima.github.io/thumbs-anima/review/casal-lote/e120.png
#116,Anima Podcast,Padre Rodrigo Vieira,media,texto-sobreposto,Primeira linha do título 'JESUS ME CHAMOU NUMA' sobrepõe o cabelo do convidado (letra 'A' entra na foto),https://audiovisual-anima.github.io/thumbs-anima/review/casal-lote/e116.png
#112,Anima Podcast,Samia Marsili,media,texto-sobreposto,Primeira linha do título 'SEXUALIDADE E NAMORO' encosta no cabelo da convidada,https://audiovisual-anima.github.io/thumbs-anima/review/casal-lote/e112.png
#99,Anima Podcast,Fernando Goslin,media,convidado-desproporcional,Cabeça do convidado visivelmente maior que a do casal (cerca de 30% mais alta); foto ampliada demais,https://audiovisual-anima.github.io/thumbs-anima/review/casal-lote/e99.png
#96,Anima Podcast,Casal Plástica,media,texto-faltando,"Nome do convidado é um placeholder genérico ('COM CASAL PLÁSTICA') em vez do nome real; a foto mostra apenas uma mulher, não um casal",https://audiovisual-anima.github.io/thumbs-anima/review/casal-lote/e96.png
#82,Anima Podcast,Gleison Guimarães,media,"convidado-desproporcional, convidado-qualidade",Cabeça do convidado claramente maior que a do casal (cerca de 40% mais alta); foto ampliada demais | Serrilhado leve no recorte do ombro esquerdo do terno,https://audiovisual-anima.github.io/thumbs-anima/review/casal-lote/e82.png
#81,Anima Podcast,Gleison Guimarães,media,"convidado-desproporcional, convidado-qualidade",Cabeça do convidado claramente maior que a do casal (cerca de 40% mais alta); foto ampliada demais | Serrilhado leve no recorte do ombro esquerdo do terno,https://audiovisual-anima.github.io/thumbs-anima/review/casal-lote/e81.png
#79,Anima Podcast,Thiago Andrade,media,"convidado-desproporcional, convidado-qualidade",Cabeça do convidado visivelmente maior que a do casal (cerca de 30% mais alta); foto ampliada demais | Serrilhado leve no recorte do ombro esquerdo do terno,https://audiovisual-anima.github.io/thumbs-anima/review/casal-lote/e79.png
#76,Anima Podcast,João Malheiro,media,"convidado-desproporcional, texto-sobreposto",Final da linha 'CANSAÇO NÃO É DORMIR' encosta/invade o cabelo do convidado à direita | Cabeça do convidado maior que a dos apresentadores,https://audiovisual-anima.github.io/thumbs-anima/review/casal-lote/e76.png
#74,Anima Podcast,Renata Fróes,media,convidado-qualidade,Recorte da convidada com bordas serrilhadas/pixeladas visíveis nos ombros e no blazer,https://audiovisual-anima.github.io/thumbs-anima/review/casal-lote/e74.png
#70,Anima Podcast,Thiago Castro,media,"convidado-desproporcional, texto-sobreposto",'OS MELHORES ESTÍMULOS' invade o cabelo do convidado | Cabeça do convidado maior que a dos apresentadores,https://audiovisual-anima.github.io/thumbs-anima/review/casal-lote/e70.png
#69,Anima Podcast,Loo Burnett,media,texto-sobreposto,O '?' de 'O QUE OS ANJOS FAZEM?' encosta no cabelo da convidada,https://audiovisual-anima.github.io/thumbs-anima/review/casal-lote/e69.png
#68,Anima Podcast,Victor Sales Pinheiro,media,"convidado-desproporcional, texto-sobreposto",Convidado muito grande: cabeça bem maior que a do casal e corpo avançando até perto do badge | 'COM VICTOR SALES PINHEIRO' termina quase encostado na camisa do convidado,https://audiovisual-anima.github.io/thumbs-anima/review/casal-lote/e68.png
#67,Anima Podcast,Dom Fernando Rifan,media,"convidado-desproporcional, texto-sobreposto",'RITO ROMANO ANTIGO:' e 'DIFERENÇA' encostam no cabelo/rosto do convidado | Cabeça do convidado maior que a dos apresentadores,https://audiovisual-anima.github.io/thumbs-anima/review/casal-lote/e67.png
#62,Anima Podcast,Diácono Romulo Canuto,media,"convidado-desproporcional, texto-sobreposto",'CONVERSÃO DE ALGUÉM' encosta no rosto/cabelo do convidado e 'COM DIÁCONO ROMULO CANUTO' encosta no ombro | Cabeça do convidado maior que a dos apresentadores,https://audiovisual-anima.github.io/thumbs-anima/review/casal-lote/e62.png
#55,Anima Podcast,Dom Tiago Stanislaw,media,"convidado-desproporcional, texto-sobreposto",'SALVE BEBÊS DO ABORTO' encosta/invade o cabelo e a lateral do rosto do convidado | Cabeça do convidado maior que a dos apresentadores,https://audiovisual-anima.github.io/thumbs-anima/review/casal-lote/e55.png
#52,Anima Podcast,Márcio Gualberto,media,"convidado-desproporcional, texto-sobreposto",'POLÍTICA E CATOLICISMO' encosta na cabeça/orelha do convidado | Convidado maior que o casal; ombro chega perto do badge,https://audiovisual-anima.github.io/thumbs-anima/review/casal-lote/e52.png
#50,Anima Podcast,Mariana Brito,media,texto-sobreposto,'MOVIMENTO COMUNISTA' invade o cabelo da convidada,https://audiovisual-anima.github.io/thumbs-anima/review/casal-lote/e50.png
#39,Anima Podcast,Dario Leitão,media,texto-sobreposto,Linha 'DEPRESSÃO: A DOENÇA' encosta no cabelo do convidado à direita,https://audiovisual-anima.github.io/thumbs-anima/review/casal-lote/e39.png
#38,Anima Podcast,Ana Carolina Goulart,media,texto-sobreposto,'COM ANA CAROLINA GOULART' é longo e encosta/sobrepõe o ombro do blazer da convidada,https://audiovisual-anima.github.io/thumbs-anima/review/casal-lote/e38.png
#30,Anima Podcast,Felipe Magalhães,media,"convidado-qualidade, texto-sobreposto",Linha 'INFERTILIDADE: QUANDO' encosta na cabeça/orelha do convidado | Recorte do ombro esquerdo do convidado com borda serrilhada/escadeada visível,https://audiovisual-anima.github.io/thumbs-anima/review/casal-lote/e30.png
#25,Anima Podcast,Anderson Brito,media,texto-sobreposto,Linha 'NÃO É SÓ GORDURINHA' encosta no cabelo do convidado,https://audiovisual-anima.github.io/thumbs-anima/review/casal-lote/e25.png
#23,Anima Podcast,Aureanne Villacorta,media,texto-sobreposto,'COM AUREANNE VILLACORTA' é longo e encosta no ombro do blazer da convidada,https://audiovisual-anima.github.io/thumbs-anima/review/casal-lote/e23.png
#19,Anima Podcast,Eduardo Honorato,media,texto-sobreposto,Linha 'AUMENTE A FERTILIDADE' encosta/sobrepõe a lateral da cabeça do convidado,https://audiovisual-anima.github.io/thumbs-anima/review/casal-lote/e19.png
#10,Anima Podcast,Elizangila Leite,media,convidado-desproporcional,"Convidada em close de busto, cabeça bem maior que a do casal (~35% maior)",https://audiovisual-anima.github.io/thumbs-anima/review/casal-lote/e10.png
#2,Anima Podcast,Ana Beatriz Barbosa,media,texto-sobreposto,'COM ANA BEATRIZ BARBOSA' encosta no cabelo/ombro da convidada (sem folga à direita),https://audiovisual-anima.github.io/thumbs-anima/review/casal-lote/e2.png
#1,Anima Podcast,João Marcos Ferreira,media,"convidado-desproporcional, texto-sobreposto","Convidado em close de busto, cabeça bem maior que a do casal (~35% maior) | 'COM JOÃO MARCOS FERREIRA' fica a poucos pixels do ombro do convidado",https://audiovisual-anima.github.io/thumbs-anima/review/casal-lote/e1.png
#69,Anima Podcast Saúde,Rodrigo Borborema,media,"convidado-cortado, convidado-desproporcional, texto-sobreposto","Topo da cabeça do convidado encosta/sobrepõe a moldura azul superior | Convidado muito maior que o casal (cabeça ~35% maior), close de busto | 'COM RODRIGO BORBOREMA' termina encostado no ombro do convidado",https://audiovisual-anima.github.io/thumbs-anima/review/saude/e69.png
#67,Anima Podcast Saúde,Pedro Góes,media,"convidado-cortado, convidado-desproporcional","Topo do cabelo do convidado encosta/sobrepõe a moldura azul superior | Convidado muito maior que o casal (cabeça ~45% maior), close de busto",https://audiovisual-anima.github.io/thumbs-anima/review/saude/e67.png
#65,Anima Podcast Saúde,Pedro Spineti,media,"convidado-cortado, convidado-desproporcional","Topo do cabelo do convidado encosta/sobrepõe a moldura azul superior | Convidado muito maior que o casal (cabeça ~45% maior), close de busto",https://audiovisual-anima.github.io/thumbs-anima/review/saude/e65.png
#64,Anima Podcast Saúde,Letícia Cazarré,media,"convidado-cortado, convidado-desproporcional","Topo do cabelo da convidada encosta/sobrepõe a moldura azul superior | Convidada maior que o casal, cabeça no limite superior da imagem",https://audiovisual-anima.github.io/thumbs-anima/review/saude/e64.png
#63,Anima Podcast Saúde,Rafaelly Faitanin,media,"convidado-cortado, convidado-desproporcional, texto-sobreposto","Topo do cabelo da convidada encosta/sobrepõe a moldura azul superior | Convidada maior que o casal, cabeça no limite superior da imagem | 'COM RAFAELLY FAITANIN' termina encostado no ombro do blazer da convidada",https://audiovisual-anima.github.io/thumbs-anima/review/saude/e63.png
#62,Anima Podcast Saúde,Elisabete Pinheiro,media,"convidado-cortado, convidado-desproporcional, texto-sobreposto","Topo do cabelo da convidada encosta/sobrepõe a moldura azul superior | Convidada muito maior que o casal (cabeça ~40% maior), close de busto | 'COM ELISABETE PINHEIRO' termina encostado no ombro do blazer da convidada",https://audiovisual-anima.github.io/thumbs-anima/review/saude/e62.png
#61,Anima Podcast Saúde,Bella Gurgel,media,"convidado-cortado, convidado-desproporcional","Topo da cabeça da convidada encosta/sobrepõe a moldura azul superior | Convidada muito maior que o casal (cabeça ~40% maior), close de busto",https://audiovisual-anima.github.io/thumbs-anima/review/saude/e61.png
#60,Anima Podcast Saúde,Bruna Pitaluga,media,"convidado-cortado, convidado-desproporcional","Topo da cabeça da convidada encosta/sobrepõe a moldura azul superior | Convidada muito maior que o casal (cabeça ~40% maior), close de busto",https://audiovisual-anima.github.io/thumbs-anima/review/saude/e60.png
#57,Anima Podcast Saúde,Caroline Cristofari,media,"convidado-cortado, convidado-desproporcional",Cabelo encosta/atravessa a moldura azul superior | Cabeça da convidada maior que as do casal,https://audiovisual-anima.github.io/thumbs-anima/review/saude/e57.png
#55,Anima Podcast Saúde,Rodrigo Mendes,media,"convidado-cortado, convidado-desproporcional",Cabelo encosta na moldura azul superior | Cabeça do convidado bem maior que as do casal | Ombro esquerdo termina em corte reto vertical (borda da foto original),https://audiovisual-anima.github.io/thumbs-anima/review/saude/e55.png
#53,Anima Podcast Saúde,Gabriel Arreguy,media,"convidado-cortado, convidado-desproporcional",Topo da cabeça encosta na moldura azul superior | Cabeça do convidado bem maior que as do casal | Ombro esquerdo termina em corte reto vertical (borda da foto original),https://audiovisual-anima.github.io/thumbs-anima/review/saude/e53.png
#51,Anima Podcast Saúde,Tony Geremias,media,"convidado-cortado, convidado-desproporcional",Topo da cabeça encosta na moldura azul superior | Cabeça do convidado bem maior que as do casal | Ombro esquerdo termina em corte reto vertical (borda da foto original),https://audiovisual-anima.github.io/thumbs-anima/review/saude/e51.png
#50,Anima Podcast Saúde,Erika Vidal,media,"convidado-cortado, convidado-desproporcional",Cabelo encosta na moldura azul superior | Cabeça da convidada bem maior que as do casal | Lado esquerdo do blazer termina em corte reto vertical (borda da foto original),https://audiovisual-anima.github.io/thumbs-anima/review/saude/e50.png
#49,Anima Podcast Saúde,Géssica Andrade,media,"convidado-cortado, convidado-desproporcional",Cabelo encosta na moldura azul superior | Cabeça da convidada bem maior que as do casal | Lado esquerdo do blazer termina em corte reto vertical (borda da foto original),https://audiovisual-anima.github.io/thumbs-anima/review/saude/e49.png
#48,Anima Podcast Saúde,Bruno Messias,media,"convidado-cortado, convidado-desproporcional",Cabelo encosta na moldura azul superior | Cabeça do convidado bem maior que as do casal | Ombro esquerdo termina em corte reto vertical (borda da foto original),https://audiovisual-anima.github.io/thumbs-anima/review/saude/e48.png
#47,Anima Podcast Saúde,Aline Cantarelli,media,"convidado-cortado, convidado-desproporcional",Cabelo encosta na moldura azul superior | Cabeça da convidada bem maior que as do casal | Lado esquerdo do blazer termina em corte reto vertical (borda da foto original),https://audiovisual-anima.github.io/thumbs-anima/review/saude/e47.png
#46,Anima Podcast Saúde,Isabela Bussade,media,"convidado-cortado, convidado-desproporcional",Topo da cabeça encosta na moldura azul superior | Cabeça da convidada bem maior que as do casal | Ombro esquerdo termina em corte reto vertical (borda da foto original),https://audiovisual-anima.github.io/thumbs-anima/review/saude/e46.png
#11,Anima Podcast Saúde,Clarissa Caramez,media,convidado-cortado,Topo do cabelo encosta na moldura azul superior,https://audiovisual-anima.github.io/thumbs-anima/review/saude/e11.png
#10,Anima Podcast Saúde,Leonardo Avila,media,"convidado-cortado, convidado-desproporcional",Cabelo encosta na moldura azul superior | Cabeça do convidado bem maior que as do casal | Ombro esquerdo termina em corte reto vertical (borda da foto original),https://audiovisual-anima.github.io/thumbs-anima/review/saude/e10.png
#9,Anima Podcast Saúde,Gil Gabriel,media,"convidado-cortado, convidado-desproporcional",Cabelo encosta na moldura azul superior | Cabeça do convidado bem maior que as do casal | Ombro esquerdo termina em corte reto vertical (borda da foto original),https://audiovisual-anima.github.io/thumbs-anima/review/saude/e9.png
#8,Anima Podcast Saúde,Bruno Lamoglia,media,"convidado-cortado, convidado-desproporcional",Cabelo encosta na moldura azul superior | Cabeça do convidado bem maior que as do casal | Ombro esquerdo termina em corte reto vertical (borda da foto original),https://audiovisual-anima.github.io/thumbs-anima/review/saude/e8.png
#7,Anima Podcast Saúde,Angélica Ávila,media,"convidado-cortado, convidado-desproporcional",Cabelo encosta na moldura azul superior | Cabeça da convidada bem maior que as do casal | Lado esquerdo do blazer termina em corte reto vertical (borda da foto original),https://audiovisual-anima.github.io/thumbs-anima/review/saude/e7.png
#5,Anima Podcast Saúde,José Eduardo,media,"convidado-cortado, convidado-desproporcional",Cabelo encosta na moldura azul superior | Cabeça do convidado bem maior que as do casal | Ombro esquerdo termina em corte reto vertical (borda da foto original),https://audiovisual-anima.github.io/thumbs-anima/review/saude/e5.png
#311,Anima Podcast,Felipe Alcântara,baixa,convidado-qualidade,"Resíduo cinza/borrado de fundo à esquerda do convidado (região ~x 1180-1500, y 650-1000).",https://audiovisual-anima.github.io/thumbs-anima/review/novos/e311.png
#301,Anima Podcast,Glória Severiano Ribeiro,baixa,texto-sobreposto,'COM GLÓRIA SEVERIANO RIBEIRO' termina encostando no ombro/blazer da convidada.,https://audiovisual-anima.github.io/thumbs-anima/review/casal-lote/e301.png
#300,Anima Podcast,Rafael Medeiros,baixa,texto-desalinhado,"Título em 3 linhas com 'A IA' isolado e a linha 'COM RAFAEL MEDEIROS' colada logo abaixo, sem o respiro padrão.",https://audiovisual-anima.github.io/thumbs-anima/review/casal-lote/e300.png
#299,Anima Podcast,Kakau Silva,baixa,texto-sobreposto,'HOMOSSEXUALIDADE' termina quase encostando no cabelo da convidada; título em 3 linhas com 'COM' colado.,https://audiovisual-anima.github.io/thumbs-anima/review/casal-lote/e299.png
#294,Anima Podcast,Kiara Castro,baixa,texto-desalinhado,"Título em 3 linhas e 'COM KIARA CASTRO' colado logo abaixo, sem o respiro padrão.",https://audiovisual-anima.github.io/thumbs-anima/review/casal-lote/e294.png
#275,Anima Podcast,Diácono Leo Dominus,baixa,texto-sobreposto,'COM DIÁCONO LEO DOMINUS' encosta no ombro esquerdo do convidado,https://audiovisual-anima.github.io/thumbs-anima/review/casal-lote/e275.png
#254,Anima Podcast,Paloma Bernardi,baixa,"convidado-desproporcional, texto-sobreposto",Fim da linha 'DE PALOMA BERNARDI' quase encosta no cabelo da convidada. | Cabeça da convidada um pouco menor que a do casal (corpo inteiro reduzido).,https://audiovisual-anima.github.io/thumbs-anima/review/casal-lote/e254.png
#246,Anima Podcast,Cláudio Bomtempo,baixa,convidado-desproporcional,Convidado um pouco maior e mais largo que o casal (cabeça e terno ocupam área maior).,https://audiovisual-anima.github.io/thumbs-anima/review/casal-lote/e246.png
#239,Anima Podcast,Tallis Gomes,baixa,convidado-desproporcional,"Convidado um pouco maior que o casal (cabeça acima da do apresentador, ombros muito largos).",https://audiovisual-anima.github.io/thumbs-anima/review/casal-lote/e239.png
#231,Anima Podcast,Paulo Frade,baixa,composicao,"Título na imagem ('POR ONDE PASSAVA, AS PESSOAS ADOECIAM') diverge do título do JSON ('O quadro que adoecia as pessoas'); arte em si está correta.",https://audiovisual-anima.github.io/thumbs-anima/review/casal-lote/e231.png
#228,Anima Podcast,Tony Allysson,baixa,convidado-desproporcional,Cabeça do convidado um pouco maior e posicionada mais baixa que a do casal (queixo abaixo do queixo do apresentador).,https://audiovisual-anima.github.io/thumbs-anima/review/casal-lote/e228.png
#223,Anima Podcast,Pe. Renato Teixeira,baixa,"composicao, texto-sobreposto",Linha 'MAIS RÁPIDO PARA O CÉU' muito larga: quase encosta no cabelo do apresentador à esquerda e no rosto do convidado à direita | Título na imagem ('FAÇA ISSO E VÁ MAIS RÁPIDO PARA O CÉU') difere do título do JSON ('Vá mais rápido para o Céu'),https://audiovisual-anima.github.io/thumbs-anima/review/casal-lote/e223.png
#218,Anima Podcast,Luis Enrique Carmelo,baixa,texto-sobreposto,'COM LUIS ENRIQUE CARMELO' termina encostando no ombro esquerdo do convidado,https://audiovisual-anima.github.io/thumbs-anima/review/casal-lote/e218.png
#217,Anima Podcast,Guilherme Cadoiss,baixa,composicao,Título na imagem ('VOCÊ NÃO VAI ACREDITAR NISSO!') não corresponde ao título do JSON ('A Santa Carona'),https://audiovisual-anima.github.io/thumbs-anima/review/casal-lote/e217.png
#206,Anima Podcast,Ramon Palomo,baixa,texto-sobreposto,"Linha 'SIGNIFICA PARA O FUTURO' muito larga, com pouca folga entre o cabelo do apresentador e o do convidado",https://audiovisual-anima.github.io/thumbs-anima/review/casal-lote/e206.png
#194,Anima Podcast,Elizabeth Pimentel,baixa,texto-sobreposto,"Linha 'COM ELIZABETH PIMENTEL' termina a poucos pixels do cabelo da convidada, quase encostando",https://audiovisual-anima.github.io/thumbs-anima/review/casal-lote/e194.png
#187,Anima Podcast,Carol Tizziani,baixa,texto-sobreposto,Título 'CASAMENTOS ACABAM...' termina praticamente encostado no cabelo da convidada (folga de ~15px),https://audiovisual-anima.github.io/thumbs-anima/review/casal-lote/e187.png
#176,Anima Podcast,Ronaldo Amorim,baixa,convidado-desproporcional,"Convidado largo demais: paletó avança até x~1170, quase encostando no badge do episódio e no final de 'COM RONALDO AMORIM'",https://audiovisual-anima.github.io/thumbs-anima/review/casal-lote/e176.png
#165,Anima Podcast,Eduardo Martins,baixa,texto-sobreposto,Fim da linha 'SACRIFICAR SUA FAMÍLIA' quase encosta no rosto do convidado (folga mínima),https://audiovisual-anima.github.io/thumbs-anima/review/casal-lote/e165.png
#153,Anima Podcast,Maria Nazaré,baixa,texto-sobreposto,Título ('DIFERENTE' / 'ARBÍTRIO') termina a poucos pixels do cabelo da convidada,https://audiovisual-anima.github.io/thumbs-anima/review/casal-lote/e153.png
#141,Anima Podcast,Pe. Fabrício Timóteo,baixa,texto-sobreposto,'COM PE. FABRÍCIO TIMÓTEO' termina muito próximo do ombro da batina do convidado,https://audiovisual-anima.github.io/thumbs-anima/review/casal-lote/e141.png
#133,Anima Podcast,Dom Milton Kenan Jr.,baixa,texto-sobreposto,'COM DOM MILTON KENAN JR.' termina praticamente encostado no ombro/paletó do convidado (folga quase zero),https://audiovisual-anima.github.io/thumbs-anima/review/casal-lote/e133.png
#124,Anima Podcast,Padre Balbino,baixa,convidado-qualidade,"Fundo remanescente: área cinza suave visível à esquerda do ombro do convidado (recorte não totalmente limpo, encostando no badge)",https://audiovisual-anima.github.io/thumbs-anima/review/casal-lote/e124.png
#119,Anima Podcast,Padre Balbino,baixa,texto-desalinhado,Título em 3 linhas com 'MISSA' isolada na última; 'COM PADRE BALBINO' fica colado ao título,https://audiovisual-anima.github.io/thumbs-anima/review/casal-lote/e119.png
#118,Anima Podcast,Tânio Tavares,baixa,texto-sobreposto,Título 'ELE ADOTOU 46 FILHOS' termina a poucos pixels da testa do convidado; camisa do convidado quase encosta no badge de episódio,https://audiovisual-anima.github.io/thumbs-anima/review/casal-lote/e118.png
#115,Anima Podcast,Diego Falcão,baixa,convidado-qualidade,Recorte com serrilhado/irregular no topo do cabelo do convidado,https://audiovisual-anima.github.io/thumbs-anima/review/casal-lote/e115.png
#107,Anima Podcast,Marcos Alvarenga,baixa,texto-sobreposto,Título 'ESCLEROSE MÚLTIPLA:' termina muito próximo do rosto do convidado (folga mínima),https://audiovisual-anima.github.io/thumbs-anima/review/casal-lote/e107.png
#105,Anima Podcast,Igor Chiminacio,baixa,convidado-qualidade,Recorte com serrilhado visível (borda em degraus) no ombro esquerdo do terno do convidado,https://audiovisual-anima.github.io/thumbs-anima/review/casal-lote/e105.png
#102,Anima Podcast,André Vaz,baixa,convidado-qualidade,Recorte com serrilhado (borda em degraus) no ombro esquerdo do terno do convidado,https://audiovisual-anima.github.io/thumbs-anima/review/casal-lote/e102.png
#101,Anima Podcast,Murilo Drummond,baixa,convidado-qualidade,Recorte com serrilhado (borda em degraus) ao longo do ombro esquerdo do convidado,https://audiovisual-anima.github.io/thumbs-anima/review/casal-lote/e101.png
#92,Anima Podcast,Mariana de Oliveira,baixa,convidado-qualidade,Recorte com serrilhado evidente (borda em degraus) no ombro esquerdo do blazer da convidada,https://audiovisual-anima.github.io/thumbs-anima/review/casal-lote/e92.png
#87,Anima Podcast,Luis Trocado,baixa,"convidado-desproporcional, convidado-qualidade",Cabeça do convidado um pouco maior que a do casal (foto ligeiramente ampliada) | Serrilhado leve no recorte do ombro esquerdo,https://audiovisual-anima.github.io/thumbs-anima/review/casal-lote/e87.png
#86,Anima Podcast,Paulo Luzio,baixa,"convidado-desproporcional, convidado-qualidade",Cabeça do convidado um pouco maior que a do casal (foto ligeiramente ampliada) | Serrilhado leve no recorte do ombro esquerdo do terno,https://audiovisual-anima.github.io/thumbs-anima/review/casal-lote/e86.png
#85,Anima Podcast,Miguel Ceccarelli,baixa,"convidado-qualidade, texto-sobreposto",'COM MIGUEL CECCARELLI' termina quase encostado no ombro esquerdo do convidado (margem mínima); cotovelo do convidado chega perto do badge | Serrilhado leve no recorte do braço/ombro esquerdo,https://audiovisual-anima.github.io/thumbs-anima/review/casal-lote/e85.png
#84,Anima Podcast,Ana Luisa Rego Macedo,baixa,convidado-qualidade,"Serrilhado visível (borda em degraus) na lateral esquerda do blazer da convidada, perto da base",https://audiovisual-anima.github.io/thumbs-anima/review/casal-lote/e84.png
#75,Anima Podcast,João Paulo Lomelino,baixa,"convidado-desproporcional, texto-sobreposto","'HÁBITOS QUE CAUSAM' termina praticamente encostado no cabelo do convidado, sem respiro | Convidado um pouco maior que o casal",https://audiovisual-anima.github.io/thumbs-anima/review/casal-lote/e75.png
#71,Anima Podcast,Lygia Pimentel,baixa,texto-sobreposto,'FOI MORAR NO CAMPO' termina praticamente encostado no cabelo da convidada,https://audiovisual-anima.github.io/thumbs-anima/review/casal-lote/e71.png
#65,Anima Podcast,Simone Marquetto,baixa,texto-sobreposto,'COM SIMONE MARQUETTO' termina praticamente encostado no blazer branco da convidada,https://audiovisual-anima.github.io/thumbs-anima/review/casal-lote/e65.png
#63,Anima Podcast,Padre Julinho,baixa,convidado-desproporcional,Convidado maior que o casal; ombro esquerdo chega bem perto do badge de episódio,https://audiovisual-anima.github.io/thumbs-anima/review/casal-lote/e63.png
#61,Anima Podcast,Maestro Carlos Pimenta,baixa,"convidado-desproporcional, texto-sobreposto",'COM MAESTRO CARLOS PIMENTA' termina encostado no ombro/colarinho do convidado | Cabeça do convidado maior que a dos apresentadores,https://audiovisual-anima.github.io/thumbs-anima/review/casal-lote/e61.png
#60,Anima Podcast,Raphael Tonon,baixa,"convidado-desproporcional, texto-sobreposto","Convidado grande: cabeça bem maior que a do casal, jaqueta chega perto do badge | 'N. SRA. DAS LÁGRIMAS:' termina praticamente encostado no cabelo do convidado",https://audiovisual-anima.github.io/thumbs-anima/review/casal-lote/e60.png
#59,Anima Podcast,Prof. Paulo Velasco,baixa,texto-sobreposto,'COM PROF. PAULO VELASCO' termina praticamente encostado no ombro do convidado,https://audiovisual-anima.github.io/thumbs-anima/review/casal-lote/e59.png
#58,Anima Podcast,Pe. Heitor de Menezes,baixa,texto-sobreposto,'COM PE. HEITOR DE MENEZES' e 'O CHAMADO DE DEUS' terminam praticamente encostados no convidado,https://audiovisual-anima.github.io/thumbs-anima/review/casal-lote/e58.png
#53,Anima Podcast,Arno Alcântara,baixa,convidado-desproporcional,Cabeça do convidado visivelmente maior que a dos apresentadores,https://audiovisual-anima.github.io/thumbs-anima/review/casal-lote/e53.png
#49,Anima Podcast,Joaquim Carvalho Pedra,baixa,"convidado-desproporcional, texto-sobreposto",'COM JOAQUIM CARVALHO PEDRA' termina encostado no ombro da batina do convidado | Cabeça do convidado maior que a dos apresentadores,https://audiovisual-anima.github.io/thumbs-anima/review/casal-lote/e49.png
#42,Anima Podcast,Paula Campozan,baixa,composicao,Título de uma só palavra (BURNOUT) em linha única deixa vão grande entre o título e 'COM PAULA CAMPOZAN',https://audiovisual-anima.github.io/thumbs-anima/review/casal-lote/e42.png
#40,Anima Podcast,Carol Barros,baixa,texto-sobreposto,Fim da linha 'NUTRIÇÃO PARA CADA' quase encosta no cabelo da convidada (folga mínima),https://audiovisual-anima.github.io/thumbs-anima/review/casal-lote/e40.png
#35,Anima Podcast,Leonardo Fontana,baixa,convidado-qualidade,Borda do recorte no ombro esquerdo do convidado levemente serrilhada/escadeada,https://audiovisual-anima.github.io/thumbs-anima/review/casal-lote/e35.png
#31,Anima Podcast,Caroline Brandão,baixa,texto-sobreposto,Linha 'DIAGNÓSTICO PRECOCE' termina muito próxima do cabelo da convidada (folga mínima),https://audiovisual-anima.github.io/thumbs-anima/review/casal-lote/e31.png
#27,Anima Podcast,Clara Morena,baixa,texto-sobreposto,Linha 'CONSULTÓRIO MÉDICO' termina muito próxima do cabelo da convidada (folga mínima),https://audiovisual-anima.github.io/thumbs-anima/review/casal-lote/e27.png
#24,Anima Podcast,Filipe Duarte,baixa,"convidado-qualidade, texto-sobreposto",Linha 'FERTILIDADE FEMININA' termina muito próxima do cabelo do convidado (folga mínima) | Recorte do ombro esquerdo do convidado com borda serrilhada/escadeada,https://audiovisual-anima.github.io/thumbs-anima/review/casal-lote/e24.png
#17,Anima Podcast,Diogo Viana,baixa,convidado-desproporcional,"Convidado só de busto, cabeça um pouco maior que a do casal (~25% maior)",https://audiovisual-anima.github.io/thumbs-anima/review/casal-lote/e17.png
#4,Anima Podcast,Alex Rocha,baixa,convidado-desproporcional,"Convidado só de busto, cabeça maior que a do casal (~25% maior)",https://audiovisual-anima.github.io/thumbs-anima/review/casal-lote/e4.png
