Episódio;Título;Convidado;YouTube;Arquivo PNG;Canva;Página
#1;Crise de ansiedade: como controlar?;João Marcos Ferreira;https://youtu.be/Ztv9iBN5TLM;#1 - João Marcos Ferreira.png;https://www.canva.com/design/DAHT5YKM5yA/edit;4
#2;Vida corrida x saúde mental;Ana Beatriz Barbosa;https://youtu.be/MO3rG5BBGH8;#2 - Ana Beatriz Barbosa.png;https://www.canva.com/design/DAHT5YKM5yA/edit;3
#3;Não desista da maternidade;Talita Melo;https://youtu.be/c_ea3-0Uwxo;#3 - Talita Melo.png;https://www.canva.com/design/DAHT5YKM5yA/edit;2
#4;Como funciona o cérebro com TDAH;Alex Rocha;https://youtu.be/3i3jjUkiMSU;#4 - Alex Rocha.png;https://www.canva.com/design/DAHT5YKM5yA/edit;1
#5;O perigo da alfabetização precoce;João Lucas;https://youtu.be/dgmgi4nrOAQ;#5 - João Lucas.png;https://www.canva.com/design/DAHT5NXToGQ/edit;25
#6;É doença ou falta de ferro?;Tuane Villela;https://youtu.be/BIOxZ_ZkYHU;#6 - Tuane Villela.png;https://www.canva.com/design/DAHT5NXToGQ/edit;24
#7;Autismo, TDAH ou mutismo seletivo?;Natasha Ganem;https://youtu.be/nwgBRODgZ4c;#7 - Natasha Ganem.png;https://www.canva.com/design/DAHT5IrBs84/edit;25
#8;Maternidade atípica;Andressa Du Costa;https://youtu.be/I7dy9F2Beds;#8 - Andressa Du Costa.png;https://www.canva.com/design/DAHT5IrBs84/edit;24
#9;Posicionamento digital na saúde;Camila Nardi;https://youtu.be/lXhQIMzq6yw;#9 - Camila Nardi.png;https://www.canva.com/design/DAHT5IrBs84/edit;23
#10;Autismo feminino: o lado invisível;Elizangila Leite;https://youtu.be/bOHFBihZ9TQ;#10 - Elizangila Leite.png;https://www.canva.com/design/DAHT5IrBs84/edit;22
#11;Superdotação: a verdade escondida;Olzeni Ribeiro;https://youtu.be/5wryP9sMybM;#11 - Olzeni Ribeiro.png;https://www.canva.com/design/DAHT5NXToGQ/edit;23
#12;Como educar crianças autistas;Mariana Vilas Boas;https://youtu.be/K5YHndQPkNs;#12 - Mariana Vilas Boas.png;https://www.canva.com/design/DAHT5NXToGQ/edit;22
#13;A verdade sobre o emagrecimento;Tamiris Rachid;https://youtu.be/tSR6v05_DEs;#13 - Tamiris Rachid.png;https://www.canva.com/design/DAHT5NXToGQ/edit;21
#14;Fé e ciência: o método Billings;Pâmela Schitine;https://youtu.be/4CNFTmkOqeE;#14 - Pâmela Schitine.png;https://www.canva.com/design/DAHT5IrBs84/edit;21
#15;A batalha da dor crônica;Flávia Nascimento;https://youtu.be/OHGcc5-DRpU;#15 - Flávia Nascimento.png;https://www.canva.com/design/DAHT5NXToGQ/edit;20
#16;Medicina e espiritualidade;Bruno Farnetano;https://youtu.be/wZPNFANzgsI;#16 - Bruno Farnetano.png;https://www.canva.com/design/DAHT5NXToGQ/edit;19
#17;Como os hormônios afetam você;Diogo Viana;https://youtu.be/03i7XWQSx74;#17 - Diogo Viana.png;https://www.canva.com/design/DAHT5NXToGQ/edit;18
#18;Emagrecer só com cirurgia?;Cris Alberti;https://youtu.be/bzvtsxcB2N4;#18 - Cris Alberti.png;https://www.canva.com/design/DAHT5IrBs84/edit;20
#19;Aumente a fertilidade de forma natural;Eduardo Honorato;https://youtu.be/NemdB5yDfO4;#19 - Eduardo Honorato.png;https://www.canva.com/design/DAHT5NXToGQ/edit;17
#20;A verdade sobre a maternidade;Bianca Quevedo;https://youtu.be/NTvwq18J82M;#20 - Bianca Quevedo.png;https://www.canva.com/design/DAHT5NXToGQ/edit;16
#21;Saúde pélvica: cuidados e terapias;Michelle Paixão;https://youtu.be/9OhtwcpKhqY;#21 - Michelle Paixão.png;https://www.canva.com/design/DAHT5NXToGQ/edit;15
#22;A saúde segundo Santa Hildegarda;Priscila Antunes;https://youtu.be/gOBVOrjqcW8;#22 - Priscila Antunes.png;https://www.canva.com/design/DAHT5NXToGQ/edit;14
#23;Desfralde tardio e doenças;Aureanne Villacorta;https://youtu.be/4viMm6EdCSE;#23 - Aureanne Villacorta.png;https://www.canva.com/design/DAHT5IrBs84/edit;19
#24;Fertilidade feminina sem mistérios;Filipe Duarte;https://youtu.be/N4ypltLGvm4;#24 - Filipe Duarte.png;https://www.canva.com/design/DAHT5IrBs84/edit;18
#25;Não é só gordurinha no fígado;Anderson Brito;https://youtu.be/-cOwNX9wwYI;#25 - Anderson Brito.png;https://www.canva.com/design/DAHT5IrBs84/edit;17
#26;Sua saúde começa no intestino;Roberta Rigueira;https://youtu.be/oVaMeIEwZcw;#26 - Roberta Rigueira.png;https://www.canva.com/design/DAHT5IrBs84/edit;16
#27;Consultório médico de sucesso;Clara Morena;https://youtu.be/S9MO3CZQLtc;#27 - Clara Morena.png;https://www.canva.com/design/DAHT5IrBs84/edit;15
#28;Hormônios e a saúde feminina;Leonardo Jacobsen;https://youtu.be/bKIaVqstvRs;#28 - Leonardo Jacobsen.png;https://www.canva.com/design/DAHT5NXToGQ/edit;13
#29;O valor da vida humana;Carolina Delage;https://youtu.be/UlOHMw676s0;#29 - Carolina Delage.png;https://www.canva.com/design/DAHT5NXToGQ/edit;12
#30;Infertilidade: quando buscar a terapia?;Felipe Magalhães;https://youtu.be/jvuTq8hytR8;#30 - Felipe Magalhães.png;https://www.canva.com/design/DAHT5IrBs84/edit;14
#31;Câncer de pele: diagnóstico precoce;Caroline Brandão;https://youtu.be/GPRtg_kwVZk;#31 - Caroline Brandão.png;https://www.canva.com/design/DAHT5IrBs84/edit;13
#32;Dormir bem transforma tudo;Isabel Braga;https://youtu.be/tvj54udXdzc;#32 - Isabel Braga.png;https://www.canva.com/design/DAHT5NXToGQ/edit;11
#33;Cuide bem do seu coração;Rodrigo Reis;https://youtu.be/3UieliKQi90;#33 - Rodrigo Reis.png;https://www.canva.com/design/DAHT5NXToGQ/edit;10
#34;A saúde mental do seu filho;Marcelo Masruha;https://youtu.be/V4-mUPCkQZQ;#34 - Marcelo Masruha.png;https://www.canva.com/design/DAHT5NXToGQ/edit;9
#35;Cuide bem dos seus olhos;Leonardo Fontana;https://youtu.be/OtKur3NXcuA;#35 - Leonardo Fontana.png;https://www.canva.com/design/DAHT5NXToGQ/edit;8
#36;Tudo sobre a saúde respiratória;Renato Azambuja;https://youtu.be/4AD-aQZhzW4;#36 - Renato Azambuja.png;https://www.canva.com/design/DAHT5NXToGQ/edit;7
#37;Tudo sobre o Alzheimer;Henrique Cal;https://youtu.be/NSuZ5pkcNoY;#37 - Henrique Cal.png;https://www.canva.com/design/DAHT5NXToGQ/edit;6
#38;Tudo sobre a saúde infantil;Ana Carolina Goulart;https://youtu.be/IsbQ-eWGqzg;#38 - Ana Carolina Goulart.png;https://www.canva.com/design/DAHT5NXToGQ/edit;5
#39;Depressão: a doença do século XXI;Dario Leitão;https://youtu.be/DNJoE3Hkghk;#39 - Dario Leitão.png;https://www.canva.com/design/DAHT5ESs_-o/edit;25
#40;Nutrição para cada temperamento;Carol Barros;https://youtu.be/fEO-0upusZo;#40 - Carol Barros.png;https://www.canva.com/design/DAHT5ESs_-o/edit;24
#41;Endometriose: quando operar?;Lucas Vinhas;https://youtu.be/oypPw2mzMQM;#41 - Lucas Vinhas.png;https://www.canva.com/design/DAHT5ESs_-o/edit;23
#42;Burnout;Paula Campozan;https://youtu.be/0NKwFQhp52s;#42 - Paula Campozan.png;https://www.canva.com/design/DAHT5ESs_-o/edit;22
#43;Varizes: causas e soluções;Carina Brandão;https://youtu.be/NKNN4XZsHE8;#43 - Carina Brandão.png;https://www.canva.com/design/DAHT5ESs_-o/edit;21
#44;Ultrassom na gravidez;Heron Werner;https://youtu.be/dz8NPQAx2kY;#44 - Heron Werner.png;https://www.canva.com/design/DAHT5ESs_-o/edit;20
#45;Bebês viram lixo hospitalar;Henrique Lima;https://youtu.be/P4wBM7Jslpk;#45 - Henrique Lima.png;https://www.canva.com/design/DAHT5IC7CDA/edit;15
#46;Cristianismo é de matriz africana?;Patricia Silva;https://youtu.be/0SUj7WOExgw;#46 - Patricia Silva.png;https://www.canva.com/design/DAHT5NXToGQ/edit;4
#47;Antifeminista, eu? Claro!;Pietra Bertolazzi;https://youtu.be/ahq0x-dkY48;#47 - Pietra Bertolazzi.png;https://www.canva.com/design/DAHT5IC7CDA/edit;14
#48;De ex-pastor a católico;Prof. Eduardo Faria;https://youtu.be/_urbYhkOqwc;#48 - Prof. Eduardo Faria.png;https://www.canva.com/design/DAHT5IC7CDA/edit;13
#49;Meu anjo da guarda me salvou;Joaquim Carvalho Pedra;https://youtu.be/WEcwpXRiudA;#49 - Joaquim Carvalho Pedra.png;https://www.canva.com/design/DAHT5IC7CDA/edit;12
#50;O feminismo é um movimento comunista;Mariana Brito;https://youtu.be/KasFbisjZzY;#50 - Mariana Brito.png;https://www.canva.com/design/DAHT5IC7CDA/edit;11
#52;Política e catolicismo se misturam?;Márcio Gualberto;https://youtu.be/zqPElXiMasw;#52 - Márcio Gualberto.png;https://www.canva.com/design/DAHT5IC7CDA/edit;10
#53;Como ter sucesso no digital;Arno Alcântara;https://youtu.be/chMAWFHLpCY;#53 - Arno Alcântara.png;https://www.canva.com/design/DAHT5IC7CDA/edit;9
#54;Sou um milagre;Eliana Ribeiro;https://youtu.be/ehu71Z13r40;#54 - Eliana Ribeiro.png;https://www.canva.com/design/DAHT5IC7CDA/edit;8
#55;Adoção espiritual: salve bebês do aborto;Dom Tiago Stanislaw;https://youtu.be/LeymeZyrRz8;#55 - Dom Tiago Stanislaw.png;https://www.canva.com/design/DAHT5IC7CDA/edit;7
#56;Prefiro perder a eleição do que minha alma;Chris Tonietto;https://youtu.be/--k3kqTMbiI;#56 - Chris Tonietto.png;https://www.canva.com/design/DAHT5IC7CDA/edit;6
#57;A vontade de Deus é a nossa paz;Pe. Antônio José;https://youtu.be/PwMqTbp73tE;#57 - Pe. Antônio José.png;https://www.canva.com/design/DAHT5IC7CDA/edit;5
#58;O chamado de Deus para a conversão;Pe. Heitor de Menezes;https://youtu.be/jv0wGRgqMmQ;#58 - Pe. Heitor de Menezes.png;https://www.canva.com/design/DAHT5IC7CDA/edit;4
#59;É possível paz entre Israel e Palestina?;Prof. Paulo Velasco;https://youtu.be/U9gKdm5lYgE;#59 - Prof. Paulo Velasco.png;https://www.canva.com/design/DAHT5IC7CDA/edit;3
#60;N. Sra. das Lágrimas: você conhece?;Raphael Tonon;https://youtu.be/BgE8X0sby3k;#60 - Raphael Tonon.png;https://www.canva.com/design/DAHT5IC7CDA/edit;2
#61;A orquestra católica do Rio;Maestro Carlos Pimenta;https://youtu.be/LFxNM_5H2Io;#61 - Maestro Carlos Pimenta.png;https://www.canva.com/design/DAHT5IC7CDA/edit;1
#62;Como rezar pela conversão de alguém;Diácono Romulo Canuto;https://youtu.be/t2IYNW5O618;#62 - Diácono Romulo Canuto.png;https://www.canva.com/design/DAHT5LIwDx4/edit;25
#63;Decifrando os casais;Padre Julinho;https://youtu.be/kinKtjQNKBM;#63 - Padre Julinho.png;https://www.canva.com/design/DAHT5LIwDx4/edit;24
#65;O título escondido de Nossa Senhora;Simone Marquetto;https://youtu.be/TGPNTBS7eq4;#65 - Simone Marquetto.png;https://www.canva.com/design/DAHT5LIwDx4/edit;23
#66;Círio de Nazaré: a grande festa;Monsenhor Agostinho;https://youtu.be/i4pWLI89PuE;#66 - Monsenhor Agostinho.png;https://www.canva.com/design/DAHT5LIwDx4/edit;22
#67;Rito Romano antigo: entenda a diferença;Dom Fernando Rifan;https://youtu.be/ZuheHFdttO0;#67 - Dom Fernando Rifan.png;https://www.canva.com/design/DAHT5LIwDx4/edit;21
#68;Como ler e entender a Bíblia;Victor Sales Pinheiro;https://youtu.be/J28wiVi-XDE;#68 - Victor Sales Pinheiro.png;https://www.canva.com/design/DAHT5LIwDx4/edit;20
#69;O Purgatório existe? O que os anjos fazem?;Loo Burnett;https://youtu.be/EDa1EvrCpPE;#69 - Loo Burnett.png;https://www.canva.com/design/DAHT5LIwDx4/edit;19
#70;Os melhores estímulos para as crianças;Thiago Castro;https://youtu.be/DN_3OfaLXtg;#70 - Thiago Castro.png;https://www.canva.com/design/DAHT5LIwDx4/edit;18
#71;Largou a cidade e foi morar no campo;Lygia Pimentel;https://youtu.be/v4TblZue1m0;#71 - Lygia Pimentel.png;https://www.canva.com/design/DAHT5LIwDx4/edit;17
#72;Lipedema não é só gordura;Georgia Dorigon;https://youtu.be/WU4bCHMVpm4;#72 - Georgia Dorigon.png;https://www.canva.com/design/DAHT5ESs_-o/edit;19
#73;7 erros que te impedem de ser mãe;Moniele Cunha;https://youtu.be/poqREYKg0Oo;#73 - Moniele Cunha.png;https://www.canva.com/design/DAHT5IrBs84/edit;12
#74;Acabando com a saúde das crianças;Renata Fróes;https://youtu.be/m0-luCqnDHI;#74 - Renata Fróes.png;https://www.canva.com/design/DAHT5ESs_-o/edit;18
#75;Hábitos que causam cegueira;João Paulo Lomelino;https://youtu.be/9vn92mLV9QY;#75 - João Paulo Lomelino.png;https://www.canva.com/design/DAHT5ESs_-o/edit;17
#76;A cura para o cansaço não é dormir;João Malheiro;https://youtu.be/jDMZSktGsII;#76 - João Malheiro.png;https://www.canva.com/design/DAHT5IrBs84/edit;11
#77;Autismo e TDAH é modinha?;Carolina Scarabucci;https://youtu.be/9NASsAZudM8;#77 - Carolina Scarabucci.png;https://www.canva.com/design/DAHT5IrBs84/edit;10
#78;A dieta que ajuda a vencer o câncer;Paula Pratti;https://youtu.be/-0YbUDGjs-0;#78 - Paula Pratti.png;https://www.canva.com/design/DAHT5IrBs84/edit;9
#79;Suicídio: sinais de alerta;Thiago Andrade;https://youtu.be/WX2MaWVMOB8;#79 - Thiago Andrade.png;https://www.canva.com/design/DAHT5IrBs84/edit;8
#80;O fim do metabolismo lento;Flavia Verocai;https://youtu.be/W0fq6E8a-Mo;#80 - Flavia Verocai.png;https://www.canva.com/design/DAHT5ESs_-o/edit;16
#81;Acordar cansado não é normal;Gleison Guimarães;https://youtu.be/-pO1vLrBOVc;#81 - Gleison Guimarães.png;https://www.canva.com/design/DAHT5ESs_-o/edit;15
#82;Remédio pra dormir?;Gleison Guimarães;https://youtu.be/nZCs5lDt6p0;#82 - Gleison Guimarães.png;https://www.canva.com/design/DAHT5ESs_-o/edit;14
#83;Autoimune causa infertilidade?;Carolina Meireles;https://youtu.be/xNsmEWSAfdY;#83 - Carolina Meireles.png;https://www.canva.com/design/DAHT5ESs_-o/edit;13
#84;Como preparar sua casa para o Natal;Ana Luisa Rego Macedo;https://youtu.be/mRoSuyWs7OQ;#84 - Ana Luisa Rego Macedo.png;https://www.canva.com/design/DAHT5IrBs84/edit;7
#85;O que as unhas dizem da saúde;Miguel Ceccarelli;https://youtu.be/4ApDYi8vByw;#85 - Miguel Ceccarelli.png;https://www.canva.com/design/DAHT5ESs_-o/edit;12
#86;Vitiligo tem cura?;Paulo Luzio;https://youtu.be/490bxOEmmvc;#86 - Paulo Luzio.png;https://www.canva.com/design/DAHT5ESs_-o/edit;11
#87;O fim do efeito sanfona;Luis Trocado;https://youtu.be/V-XlAv90XdM;#87 - Luis Trocado.png;https://www.canva.com/design/DAHT5ESs_-o/edit;10
#88;Criança acordando à noite;Larissa Abreu;https://youtu.be/2VGAFbSyEMI;#88 - Larissa Abreu.png;https://www.canva.com/design/DAHT5ESs_-o/edit;9
#89;Epidemia de autismo?;Tielle Machado;https://youtu.be/m3qu6J4cK7E;#89 - Tielle Machado.png;https://www.canva.com/design/DAHT5ESs_-o/edit;8
#90;A pele dos sonhos;Larissa Botelho;https://youtu.be/J0u3MBhW4Hc;#90 - Larissa Botelho.png;https://www.canva.com/design/DAHT5ESs_-o/edit;7
#91;Por que seu filho vive doente;Nathalia Vianna;https://youtu.be/9lgdH_iHy2c;#91 - Nathalia Vianna.png;https://www.canva.com/design/DAHT5ESs_-o/edit;6
#92;Seu filho não fala? O motivo;Mariana de Oliveira;https://youtu.be/OB-WmP_38Rg;#92 - Mariana de Oliveira.png;https://www.canva.com/design/DAHT5ESs_-o/edit;5
#93;Tudo sobre a escoliose;Pedro Paschoal;https://youtu.be/FKX6rR9FyTE;#93 - Pedro Paschoal.png;https://www.canva.com/design/DAHT5ESs_-o/edit;4
#94;Saúde mental da mulher;Juliana Neves;https://youtu.be/I3QOhZFNIRE;#94 - Juliana Neves.png;https://www.canva.com/design/DAHT5ESs_-o/edit;3
#95;Mitos sobre o câncer de mama;Marcela Nardi;https://youtu.be/d9BQAqCd1q0;#95 - Marcela Nardi.png;https://www.canva.com/design/DAHT5ESs_-o/edit;2
#96;A nova era da cirurgia plástica;Casal Plástica;https://youtu.be/UXcCV2QPW2Q;#96 - Casal Plástica.png;https://www.canva.com/design/DAHT5IrBs84/edit;6
#97;Ultrassom normal, sem gravidez?;Clariana Maurente;https://youtu.be/mA_BIqwURDY;#97 - Clariana Maurente.png;https://www.canva.com/design/DAHT5ESs_-o/edit;1
#98;Alopecia e a queda de cabelo;Graça Tavares;https://youtu.be/c86k7ixe7ss;#98 - Graça Tavares.png;https://www.canva.com/design/DAHT5G-VT0s/edit;25
#99;Tudo sobre a labirintite;Fernando Goslin;https://youtu.be/hjkEzz_WvoM;#99 - Fernando Goslin.png;https://www.canva.com/design/DAHT5G-VT0s/edit;24
#100;Como vencer o bruxismo;Andrea Melo;https://youtu.be/jgZBHQKEaew;#100 - Andrea Melo.png;https://www.canva.com/design/DAHT5G-VT0s/edit;23
#101;O erro no herpes-zóster;Murilo Drummond;https://youtu.be/r2Yuq0UQgGI;#101 - Murilo Drummond.png;https://www.canva.com/design/DAHT5G-VT0s/edit;22
#102;Infertilidade tem cura?;André Vaz;https://youtu.be/xO7ua54kssg;#102 - André Vaz.png;https://www.canva.com/design/DAHT5G-VT0s/edit;21
#103;A beleza da castidade;Mariana Francoti;https://youtu.be/JWDvPyVcXkg;#103 - Mariana Francoti.png;https://www.canva.com/design/DAHT5G-VT0s/edit;20
#104;Joanetes: mitos e verdades;José Carlos Cohen;https://youtu.be/ShkyQfp0v4c;#104 - José Carlos Cohen.png;https://www.canva.com/design/DAHT5G-VT0s/edit;19
#105;Endometriose tem cura?;Igor Chiminacio;https://youtu.be/YOb6D04NeSg;#105 - Igor Chiminacio.png;https://www.canva.com/design/DAHT5G-VT0s/edit;18
#106;A verdade sobre a hérnia de disco;Luiz Sola;https://youtu.be/94pu0-LhWGA;#106 - Luiz Sola.png;https://www.canva.com/design/DAHT5G-VT0s/edit;17
#107;Esclerose múltipla: como identificar;Marcos Alvarenga;https://youtu.be/W9bu8sclNAc;#107 - Marcos Alvarenga.png;https://www.canva.com/design/DAHT5G-VT0s/edit;16
#108;Rinoplastia com resultado natural;Leandro Ventura;https://youtu.be/2m5BV_F7he0;#108 - Leandro Ventura.png;https://www.canva.com/design/DAHT5G-VT0s/edit;15
#109;Intolerância à histamina;Sylvia Campos;https://youtu.be/xSttcCbgnl8;#109 - Sylvia Campos.png;https://www.canva.com/design/DAHT5IrBs84/edit;5
#110;Os segredos da alta performance;Andréia Batista;https://youtu.be/3Cgpdf8cpa8;#110 - Andréia Batista.png;https://www.canva.com/design/DAHT5IrBs84/edit;4
#111;Neuromielite óptica: a doença da visão;Regina Alvarenga;https://youtu.be/8yf04KMWdG0;#111 - Regina Alvarenga.png;https://www.canva.com/design/DAHT5G-VT0s/edit;14
#112;Sexualidade e namoro na adolescência;Samia Marsili;https://youtu.be/IYXrZpw6pKs;#112 - Samia Marsili.png;https://www.canva.com/design/DAHT5IrBs84/edit;3
#113;Lentes de contato estragam os dentes?;Gustavo Bastos;https://youtu.be/XcBu13PUU-w;#113 - Gustavo Bastos.png;https://www.canva.com/design/DAHT5G-VT0s/edit;13
#114;Quando o desconforto vira alerta;Patrícia Arias;https://youtu.be/9MSrqmtAfes;#114 - Patrícia Arias.png;https://www.canva.com/design/DAHT5G-VT0s/edit;12
#115;Fui expulso;Diego Falcão;https://youtu.be/jiKjpWaAeQw;#115 - Diego Falcão.png;https://www.canva.com/design/DAHT5LIwDx4/edit;16
#116;Jesus me chamou numa pista de atletismo;Padre Rodrigo Vieira;https://youtu.be/ckGxSqCbsrY;#116 - Padre Rodrigo Vieira.png;https://www.canva.com/design/DAHT5LIwDx4/edit;15
#117;De monja a expert;Ana Paula Perci;https://youtu.be/7cUHF2UtbXs;#117 - Ana Paula Perci.png;https://www.canva.com/design/DAHT5LIwDx4/edit;14
#118;Ele adotou 46 filhos com deficiência;Tânio Tavares;https://youtu.be/We3PNaqZGiM;#118 - Tânio Tavares.png;https://www.canva.com/design/DAHT5LIwDx4/edit;13
#119;Os erros que quase todos cometem na Missa;Padre Balbino;https://youtu.be/uoMijlGl3e8;#119 - Padre Balbino.png;https://www.canva.com/design/DAHT5LIwDx4/edit;12
#120;De funkeiro briguento a devoto de Cristo;Eduardo Badu;https://youtu.be/mqRpT62b11s;#120 - Eduardo Badu.png;https://www.canva.com/design/DAHT5LIwDx4/edit;11
#121;O frei que toca almas através da música;Frei Gilson;https://youtu.be/uVMNcNU_lMA;#121 - Frei Gilson.png;https://www.canva.com/d/uy_D_LWhgDVbFVw;1
#122;Sou infértil e vi que foi um plano de Deus;Bruna Gutstein;https://youtu.be/T7_vAZviZg8;#122 - Bruna Gutstein.png;https://www.canva.com/design/DAHT5LIwDx4/edit;10
#123;Verdades difíceis que todo pai deve ouvir;Diogo Wink, Thiago Andrade e José Roberto;https://youtu.be/BU3TzGp989E;#123 - Diogo Wink, Thiago Andrade e José Roberto.png;https://www.canva.com/d/uy_D_LWhgDVbFVw;6
#124;Não passe vergonha na Missa;Padre Balbino;https://youtu.be/mEgamDpoJ4w;#124 - Padre Balbino.png;https://www.canva.com/design/DAHT5LIwDx4/edit;9
#125;O anjo nos abandona quando pecamos?;Rafael Brito;https://youtu.be/o-47C5ckeqg;#125 - Rafael Brito.png;https://www.canva.com/design/DAHT5LIwDx4/edit;8
#126;O alimento mais antigo do mundo;Chef Marcelo Horta;https://youtu.be/QDdjwJA9OEw;#126 - Chef Marcelo Horta.png;https://www.canva.com/design/DAHT5LIwDx4/edit;7
#127;Tudo sobre o jejum;Eduardo Oliveira;https://youtu.be/WVnV1lUcryg;#127 - Eduardo Oliveira.png;https://www.canva.com/design/DAHT5LIwDx4/edit;6
#128;A música que toca corações;Ziza Fernandes;https://youtu.be/4LbsRAByOkA;#128 - Ziza Fernandes.png;https://www.canva.com/design/DAHT5LIwDx4/edit;5
#129;Fiz 10 milhões e continuei vazia;Valeska Bruzzi;https://youtu.be/dUYao44NzRk;#129 - Valeska Bruzzi.png;https://www.canva.com/design/DAHT5LIwDx4/edit;4
#130;Tudo sobre a Santa Missa;Padre Balbino;https://youtu.be/SgmZRvLnRfc;#130 - Padre Balbino.png;https://www.canva.com/design/DAHT5LIwDx4/edit;3
#131;Tudo sobre a Santa Missa - Parte 5;Padre Balbino;https://youtu.be/BcV4yT1Bv1k;#131 - Padre Balbino.png;https://www.canva.com/design/DAHT5a_hIdc/edit;2
#132;Ex-ateu revela a verdade;Guilherme Freire;https://youtu.be/r1hmx82ZZQY;#132 - Guilherme Freire.png;https://www.canva.com/design/DAHT5YkS6QU/edit;9
#133;Tudo sobre Santa Teresinha;Dom Milton Kenan Jr.;https://youtu.be/WGotFriP9Vo;#133 - Dom Milton Kenan Jr..png;https://www.canva.com/design/DAHT5YkS6QU/edit;7
#134;Da Disney para a Igreja;Arte Piedosa;https://youtu.be/8Z6v7JsJJNY;#134 - Arte Piedosa.png;https://www.canva.com/design/DAHT5NdLe6g/edit;11
#135;Especial São Miguel Arcanjo;Rafael Brito;https://youtu.be/0BqMvsCYgqY;#135 - Rafael Brito.png;https://www.canva.com/design/DAHT5YkS6QU/edit;32
#135;Segredos da Semana Santa;Padre Balbino;https://youtu.be/QhH44Ldvfog;#135 - Padre Balbino.png;https://www.canva.com/design/DAHT5a_hIdc/edit;1
#136;Maternidade sem ansiedade;Araceli Alcântara;https://youtu.be/En0_MbBtGZU;#136 - Araceli Alcântara.png;https://www.canva.com/design/DAHT5YkS6QU/edit;5
#137;A sabedoria de Santo Tomás de Aquino;Sidney Silveira;https://youtu.be/AP6lSjgyYhI;#137 - Sidney Silveira.png;https://www.canva.com/design/DAHT5NdLe6g/edit;5
#138;Especial São Gabriel Arcanjo;Rafael Brito;https://youtu.be/3RS40ExqazU;#138 - Rafael Brito.png;https://www.canva.com/design/DAHT5YkS6QU/edit;10
#139;Jesus foi no motel me salvar;Marcelo Braggion;https://youtu.be/G-e9dQ5ArPc;#139 - Marcelo Braggion.png;https://www.canva.com/design/DAHT5YkS6QU/edit;3
#140;Perdi meus 4 membros mas não perdi a fé;Jessyca Oliveira;https://youtu.be/sPfqCSMl7i4;#140 - Jessyca Oliveira.png;https://www.canva.com/design/DAHT5NdLe6g/edit;6
#141;Milagres no Sertão;Pe. Fabrício Timóteo;https://youtu.be/O-CYeJApBag;#141 - Pe. Fabrício Timóteo.png;https://www.canva.com/design/DAHT5YkS6QU/edit;1
#142;Especial São Rafael Arcanjo;Rafael Brito;https://youtu.be/TG5MYGEXpNY;#142 - Rafael Brito.png;https://www.canva.com/design/DAHT5YkS6QU/edit;34
#143;Estão matando os cristãos;Ana Manente;https://youtu.be/S-_Yj5X4dQE;#143 - Ana Manente.png;https://www.canva.com/design/DAHT5YkS6QU/edit;31
#144;Tudo sobre a Santa Missa;Padre Balbino;https://youtu.be/2jGP0TXkxqU;#144 - Padre Balbino.png;https://www.canva.com/design/DAHT5YkS6QU/edit;30
#145;A verdade por trás da cura;Maria Dulce Arruda;https://youtu.be/5XWP6Krz_Xk;#145 - Maria Dulce Arruda.png;https://www.canva.com/design/DAHT5YkS6QU/edit;29
#146;O mistério oculto de São Justino;Pe. André Luiz;https://youtu.be/bRZOvxsZ4hU;#146 - Pe. André Luiz.png;https://www.canva.com/design/DAHT5YkS6QU/edit;28
#147;Os segredos do direito canônico;Pe. Demétrio Gomes;https://youtu.be/DvZdYF6fxIg;#147 - Pe. Demétrio Gomes.png;https://www.canva.com/design/DAHT5YkS6QU/edit;27
#148;Como perdoei o assassino;Ju Gava;https://youtu.be/TfgcfInqBhA;#148 - Ju Gava.png;https://www.canva.com/design/DAHT5YkS6QU/edit;26
#149;Convertido pelos meus pacientes;Saulo Barbosa;https://youtu.be/0r2w72v09bA;#149 - Saulo Barbosa.png;https://www.canva.com/design/DAHT5G-VT0s/edit;11
#150;Homens frágeis e feminismo;Roberta Castro;https://youtu.be/3IU7fB7BVlQ;#150 - Roberta Castro.png;https://www.canva.com/design/DAHT5G-VT0s/edit;10
#151;Casas frias e vazias fazem parte do plano;Rafa e Alex Brasileiro;https://youtu.be/IfhrF2Km7q0;#151 - Rafa e Alex Brasileiro.png;https://www.canva.com/design/DAHT5NdLe6g/edit;10
#152;2ª virgindade? O que é isso?;Andrea Biselli;https://youtu.be/4Hon4ZWVe7U;#152 - Andrea Biselli.png;https://www.canva.com/design/DAHT5NdLe6g/edit;4
#153;Ser livre é diferente de ter livre arbítrio;Maria Nazaré;https://youtu.be/o0GmEWlirck;#153 - Maria Nazaré.png;https://www.canva.com/design/DAHT5YkS6QU/edit;25
#154;De menino pobre a sacerdote que atrai os jovens;Pe. Tony Moreira;https://youtu.be/Zvtj-MppDI4;#154 - Pe. Tony Moreira.png;https://www.canva.com/design/DAHT5YkS6QU/edit;24
#155;A fé que move multidões;Aline Brasil;https://youtu.be/SR6hK-glRMY;#155 - Aline Brasil.png;https://www.canva.com/design/DAHT5YkS6QU/edit;23
#156;Como se preparar para o casamento;André e Karina Parreira;https://youtu.be/sfEqVOROzH4;#156 - André e Karina Parreira.png;https://www.canva.com/design/DAHT5NdLe6g/edit;9
#157;O que não te contaram sobre finanças;Matheus Machado;https://youtu.be/cFg7fO0oFHY;#157 - Matheus Machado.png;https://www.canva.com/design/DAHT5NdLe6g/edit;3
#158;Católico pode ser supersticioso?;Flávio Andrade;https://youtu.be/5GxfNVGbecg;#158 - Flávio Andrade.png;https://www.canva.com/design/DAHT5YkS6QU/edit;22
#159;Das redes de vôlei para as redes de pesca;Amábile Koester;https://youtu.be/gDOiBDbxqQU;#159 - Amábile Koester.png;https://www.canva.com/design/DAHT5YkS6QU/edit;21
#160;Meu pai morreu 3 vezes;João Brother;https://youtu.be/yEQIFbbu76Y;#160 - João Brother.png;https://www.canva.com/design/DAHT5YkS6QU/edit;20
#161;Querer é poder?;José Neto;https://youtu.be/THWzAIX7JDo;#161 - José Neto.png;https://www.canva.com/design/DAHT5YkS6QU/edit;19
#162;O que houve com Noé e o dilúvio;Edmilson Cruz;https://youtu.be/FxsWVO9Ev0I;#162 - Edmilson Cruz.png;https://www.canva.com/design/DAHT5YkS6QU/edit;18
#163;O verdadeiro significado do Natal;Rafael Brito;https://youtu.be/JpV4Hbv6BBU;#163 - Rafael Brito.png;https://www.canva.com/design/DAHT5YkS6QU/edit;33
#164;Melhores momentos de 2024;Diogo e Vanessa;https://youtu.be/Kf5qRt_jKd0;#164 - Diogo e Vanessa.png;https://www.canva.com/design/DAHT5IrBs84/edit;2
#165;Carreira de sucesso sem sacrificar sua família;Eduardo Martins;https://youtu.be/FEnlK0XVXi4;#165 - Eduardo Martins.png;https://www.canva.com/design/DAHT5YkS6QU/edit;17
#166;Ciência e espiritualidade;Mateus Simon;https://youtu.be/dvSCpY09bvQ;#166 - Mateus Simon.png;https://www.canva.com/design/DAHT5YkS6QU/edit;16
#167;A crise e a esperança;Pe. Leandro Rasera;https://youtu.be/xINB0dCaQ1E;#167 - Pe. Leandro Rasera.png;https://www.canva.com/design/DAHT5NdLe6g/edit;2
#168;A oficina do Diabo;Brasil Paralelo;https://youtu.be/lwusZO3QioA;#168 - Brasil Paralelo.png;https://www.canva.com/design/DAHT5NdLe6g/edit;8
#169;O que não te contaram sobre a Bíblia;João Cláudio Rufino;https://youtu.be/cHNXQRDei2E;#169 - João Cláudio Rufino.png;https://www.canva.com/design/DAHT5YkS6QU/edit;15
#170;A cidade fundada por Nossa Senhora;Pe. Leandro Rêgo;https://youtu.be/jwX4_13gCoM;#170 - Pe. Leandro Rêgo.png;https://www.canva.com/design/DAHT5NdLe6g/edit;1
#171;Amor que supera tudo;Camila e Felipe Oliveira;https://youtu.be/VY3P7B7Zvzg;#171 - Camila e Felipe Oliveira.png;https://www.canva.com/design/DAHT5NdLe6g/edit;7
#172;Da Canção Nova para o mundo;Pe. Evandro Lima;https://youtu.be/Xx9SeIM_ndk;#172 - Pe. Evandro Lima.png;https://www.canva.com/design/DAHT5YkS6QU/edit;14
#173;Toda vida importa!;Mariangela Consoli;https://youtu.be/P59pacYN4Ek;#173 - Mariangela Consoli.png;https://www.canva.com/design/DAHT5YkS6QU/edit;13
#175;Do leito da morte à praia no mesmo dia;Raquel Carpenter;https://youtu.be/Jh5_3kro1n8;#175 - Raquel Carpenter.png;https://www.canva.com/design/DAHT5YkS6QU/edit;12
#176;Como saber os temperamentos pode te ajudar;Ronaldo Amorim;https://youtu.be/zZCATTT1_FQ;#176 - Ronaldo Amorim.png;https://www.canva.com/design/DAHT5YkS6QU/edit;11
#177;A fé é uma virtude da inteligência;Roberto Mallet;https://youtu.be/siu-WZJP3bo;#177 - Roberto Mallet.png;https://www.canva.com/design/DAHT5YkS6QU/edit;8
#178;Santa Edith Stein;Magna Rocha;https://youtu.be/bdViCk6HWXs;#178 - Magna Rocha.png;https://www.canva.com/design/DAHT5YkS6QU/edit;6
#179;Contra a inveja, faça isso...;Irmã Zélia;https://youtu.be/C9-mGhGrGz4;#179 - Irmã Zélia.png;https://www.canva.com/design/DAHT5YkS6QU/edit;4
#180;Eu era espírita, mas isso me mudou;Rodrigo Astolfi;https://youtu.be/uSYcqIXdxrA;#180 - Rodrigo Astolfi.png;https://www.canva.com/design/DAHT5G-VT0s/edit;9
#181;Melhores momentos: Anjos;Rafael Brito;https://youtu.be/2HnGh6PAVy0;#181 - Rafael Brito.png;https://www.canva.com/design/DAHT5IrBs84/edit;1
#183;O que queres com isso?;Pe. Antônio Maria;https://youtu.be/NR6jwtnWvzE;#183 - Pe. Antônio Maria.png;https://www.canva.com/design/DAHT5YkS6QU/edit;2
#184;Ano jubilar e porta santa;Frei Juan Manuel;https://youtu.be/CP2pa0EcHao;#184 - Frei Juan Manuel.png;https://www.canva.com/design/DAHT5VDGu2o/edit;11
#185;Do crime para a cruz;Wellington Perciliano;https://youtu.be/WjN636Ih0VU;#185 - Wellington Perciliano.png;https://www.canva.com/design/DAHT5VDGu2o/edit;10
#186;Possessão demoníaca: relatos reais;Frei Juan Antônio;https://youtu.be/b6esSkOW0us;#186 - Frei Juan Antônio.png;https://www.canva.com/design/DAHT5VDGu2o/edit;9
#187;É por isso que muitos casamentos acabam...;Carol Tizziani;https://youtu.be/nUVDZD9rNiA;#187 - Carol Tizziani.png;https://www.canva.com/design/DAHT5VDGu2o/edit;8
#189;Fé vs. obsessão;Diego Costa;https://youtu.be/M21Sf56eikk;#189 - Diego Costa.png;https://www.canva.com/design/DAHT5VDGu2o/edit;7
#190;Fátima: polêmicas e curiosidades;Pe. Cabecinhas e Marco Daniel;https://youtu.be/pIHcdS-Ozw4;#190 - Pe. Cabecinhas e Marco Daniel.png;https://www.canva.com/design/DAHT5IC7CDA/edit;25
#191;O que seus filhos escondem?;Elizabete Possidente;https://youtu.be/_M4ZRsZZc4s;#191 - Elizabete Possidente.png;https://www.canva.com/design/DAHT5G-VT0s/edit;8
#192;Onde está isso na Bíblia?;Ariel Lazari;https://youtu.be/BGhJGzfqam4;#192 - Ariel Lazari.png;https://www.canva.com/design/DAHT5VDGu2o/edit;6
#193;Aparência importa?;Willian Celso;https://youtu.be/1tDkwhh_Ogw;#193 - Willian Celso.png;https://www.canva.com/design/DAHT5VDGu2o/edit;5
#194;Falso santo: a verdade sobre o narcisista;Elizabeth Pimentel;https://youtu.be/3PNdI4wcG-w;#194 - Elizabeth Pimentel.png;https://www.canva.com/design/DAHT5VDGu2o/edit;4
#195;A filosofia proibida nas universidades;Renato Moraes;https://youtu.be/McC0-PowZz4;#195 - Renato Moraes.png;https://www.canva.com/design/DAHT5VDGu2o/edit;3
#196;A era da IA: como não ficar para trás;Rica Barros;https://youtu.be/Ysjmhr24yeA;#196 - Rica Barros.png;https://www.canva.com/design/DAHT5VDGu2o/edit;2
#197;Anabolizante deixa impotente?;Diogo Wink;https://youtu.be/od8FYbS0ufI;#197 - Diogo Wink.png;https://www.canva.com/design/DAHT5G-VT0s/edit;7
#198;Conclave 2025: tudo sobre a eleição do novo Papa;Monsenhor Sérgio;https://youtu.be/RrNxoPUYAXc;#198 - Monsenhor Sérgio.png;https://www.canva.com/design/DAHT5VDGu2o/edit;12
#199;Proteja seus filhos do perigo espiritual;Angela Abdo;https://youtu.be/mD6KPc7yP68;#199 - Angela Abdo.png;https://www.canva.com/design/DAHT5VDGu2o/edit;19
#200;Como tudo começou;Breno Faria;https://youtu.be/upsXFz4JiOc;#200 - Breno Faria.png;https://www.canva.com/design/DAHT5VDGu2o/edit;18
#201;Milagres ainda acontecem? Como a Igreja investiga?;Dom Roberto Lopes;https://youtu.be/aatnVaXe4Jc;#201 - Dom Roberto Lopes.png;https://www.canva.com/design/DAHT5VDGu2o/edit;17
#202;A rotina que forja a mente;Vitor Becker;https://youtu.be/CScKu0D7I-s;#202 - Vitor Becker.png;https://www.canva.com/design/DAHT5VDGu2o/edit;16
#203;De R$800 na feira a 175 lojas;Renato Villarinho;https://youtu.be/DspcI533UaA;#203 - Renato Villarinho.png;https://www.canva.com/design/DAHT5VDGu2o/edit;15
#204;Família Cristelo: música, amor e fé;Glaucio e Tay Cristelo;https://youtu.be/kjXTDqY_91M;#204 - Glaucio e Tay Cristelo.png;https://www.canva.com/design/DAHU6Mrajks/edit;13
#205;Bebês reborn: moda inocente ou fuga da realidade?;Simone Fuzaro;https://youtu.be/sBnnhMYuL20;#205 - Simone Fuzaro.png;https://www.canva.com/design/DAHT5VDGu2o/edit;14
#206;O que a IA realmente significa para o futuro;Ramon Palomo;https://youtu.be/w0aQlgRtrOg;#206 - Ramon Palomo.png;https://www.canva.com/design/DAHT5VDGu2o/edit;13
#207;Dinheiro e fé: o maior erro que os católicos cometem;Marcelo Malta;https://youtu.be/M9uD2J8gH_0;#207 - Marcelo Malta.png;https://www.canva.com/design/DAHT5VDGu2o/edit;20
#208;Usava 40 pedras de crack por dia e sobrevivi para contar;João Blota;https://youtu.be/8ypvOIu8sq4;#208 - João Blota.png;https://www.canva.com/design/DAHT5VDGu2o/edit;21
#209;O lado sombrio da internet que ameaça crianças;Bel Martins;https://youtu.be/M-TlQaeuwYc;#209 - Bel Martins.png;https://www.canva.com/design/DAHT5VDGu2o/edit;22
#210;Música católica furando a bolha;Herrison Pontes e Jessica Dias;https://youtu.be/kEwArRzu6vQ;#210 - Herrison Pontes e Jessica Dias.png;https://www.canva.com/design/DAHT4wC4lb4/edit;25
#211;A verdade sombria sobre o funk;Alvaro Siviero;https://youtu.be/8F4dA0MzLHE;#211 - Alvaro Siviero.png;https://www.canva.com/design/DAHT4wC4lb4/edit;24
#212;Os segredos de um casamento feliz;Kenya Camerotte e Berthaldo Soares;https://youtu.be/NCwn2ChWqe0;#212 - Kenya Camerotte e Berthaldo Soares.png;https://www.canva.com/design/DAHT5NXToGQ/edit;3
#213;Padre Paulo Ricardo é herege?;Pedro Affonseca;https://youtu.be/IpU7stKF4AE;#213 - Pedro Affonseca.png;https://www.canva.com/design/DAHT4wC4lb4/edit;23
#214;Os 4 desejos ocultos das mulheres;Mari Vabo;https://youtu.be/67Kfkz8d_HI;#214 - Mari Vabo.png;https://www.canva.com/design/DAHT4wC4lb4/edit;22
#215;Câncer de mama: 85% é evitável;Daniel Buttros;https://youtu.be/Dw_tIh4ZBtw;#215 - Daniel Buttros.png;https://www.canva.com/design/DAHT5G-VT0s/edit;6
#216;Encontrei Deus no fundo do poço;Alam Carrion;https://youtu.be/90Ti41Kikmk;#216 - Alam Carrion.png;https://www.canva.com/design/DAHT4wC4lb4/edit;21
#217;A Santa Carona;Guilherme Cadoiss;https://youtu.be/ICmfpPS_1yI;#217 - Guilherme Cadoiss.png;https://www.canva.com/design/DAHT4wC4lb4/edit;20
#218;Como superar a dor e o sofrimento;Luis Enrique Carmelo;https://youtu.be/e9OMSLJBvSE;#218 - Luis Enrique Carmelo.png;https://www.canva.com/design/DAHT4wC4lb4/edit;19
#219;A arma contra a gula;Isa Latuf;https://youtu.be/80M2-epM2-E;#219 - Isa Latuf.png;https://www.canva.com/design/DAHT4wC4lb4/edit;18
#220;Escalando até o Céu;Luciano Bandeira;https://youtu.be/1et5n81WNZk;#220 - Luciano Bandeira.png;https://www.canva.com/design/DAHT4wC4lb4/edit;17
#221;"O ""chip da beleza"" é uma farsa?";Diogo Viana;https://youtu.be/1UrrzhjXxc4;#221 - Diogo Viana.png;https://www.canva.com/design/DAHT5G-VT0s/edit;5
#222;O Rock é satânico?;Danilo Lopes;https://youtu.be/PaOlD-oMbd0;#222 - Danilo Lopes.png;https://www.canva.com/design/DAHT4wC4lb4/edit;16
#223;Vá mais rápido para o Céu;Pe. Renato Teixeira;https://youtu.be/JmSQRMpqWjg;#223 - Pe. Renato Teixeira.png;https://www.canva.com/design/DAHT4wC4lb4/edit;15
#224;Seu casamento pode ser nulo?;Pe. Alex Nogueira;https://youtu.be/QkSNKLt79Js;#224 - Pe. Alex Nogueira.png;https://www.canva.com/design/DAHT4wC4lb4/edit;14
#225;Não entre no digital sem isso;Ítalo Marsili;https://youtu.be/gJjZvbFBass;#225 - Ítalo Marsili.png;https://www.canva.com/design/DAHT4wC4lb4/edit;13
#226;Fui ateu e comunista;Gabriel Kanner;https://youtu.be/d7l24KP1_Ok;#226 - Gabriel Kanner.png;https://www.canva.com/design/DAHT4wC4lb4/edit;12
#227;Caí protestante, levantei católico;Frei Angelo Faitanin;https://youtu.be/PH5mzWC9M1A;#227 - Frei Angelo Faitanin.png;https://www.canva.com/design/DAHT4wC4lb4/edit;11
#228;Eu estava nas garras de Satanás;Tony Allysson;https://youtu.be/f17aAhp76aQ;#228 - Tony Allysson.png;https://www.canva.com/design/DAHT4wC4lb4/edit;10
#229;A verdade sobre o Sudário;Vera Tostes;https://youtu.be/Wxzi8a2WhGI;#229 - Vera Tostes.png;https://www.canva.com/design/DAHT4wC4lb4/edit;9
#230;Se eu estivesse no Irã, estaria morta;Mahsima Nadim;https://youtu.be/sQNcblHlRNE;#230 - Mahsima Nadim.png;https://www.canva.com/design/DAHT4wC4lb4/edit;8
#231;O quadro que adoecia as pessoas;Paulo Frade;https://youtu.be/AiYmdLGtOzs;#231 - Paulo Frade.png;https://www.canva.com/design/DAHT4wC4lb4/edit;7
#232;A boa música é remédio para a alma;Alex Cohen;https://youtu.be/7QB_Edaxla0;#232 - Alex Cohen.png;https://www.canva.com/design/DAHT4wC4lb4/edit;6
#233;Quando o casamento comeca a morrer;Yasmin Fleming;https://youtu.be/6UzvbhpWOl8;#233 - Yasmin Fleming.png;https://www.canva.com/design/DAHT4wC4lb4/edit;5
#234;Não pecar contra a castidade;José Roberto e Maria Carolina;https://youtu.be/AcS0JtEP1Ic;#234 - José Roberto e Maria Carolina.png;https://www.canva.com/design/DAHT4wC4lb4/edit;4
#235;O lado silencioso do autismo;Thiago Castro;https://youtu.be/7qDyO0PtR2k;#235 - Thiago Castro.png;https://www.canva.com/design/DAHT5G-VT0s/edit;4
#236;O Papa usa isso;Martinho Rocha;https://youtu.be/oepkIOL5YXE;#236 - Martinho Rocha.png;https://www.canva.com/design/DAHT5VDGu2o/edit;50
#237;Muito mais que um padre gato;Pe. Jefferson Merighetti;https://youtu.be/ejbuMr9sExQ;#237 - Pe. Jefferson Merighetti.png;https://www.canva.com/design/DAHT5VDGu2o/edit;49
#238;O testamento escondido de São Carlo Acutis;Pe. Fabio Vieira;https://youtu.be/SbtdzZr-COo;#238 - Pe. Fabio Vieira.png;https://www.canva.com/design/DAHT5VDGu2o/edit;48
#239;Eu não contrato esquerdista;Tallis Gomes;https://youtu.be/79lRxfQ_-bQ;#239 - Tallis Gomes.png;https://www.canva.com/design/DAHT5VDGu2o/edit;47
#240;Sem isso, não é TDAH;Raphael Rangel;https://youtu.be/VjIGGw3NPZA;#240 - Raphael Rangel.png;https://www.canva.com/design/DAHT5G-VT0s/edit;3
#241;Milagres através de Santa Rita;Céci Portugal e Filipe Santos;https://youtu.be/GAUySehdQzc;#241 - Céci Portugal e Filipe Santos.png;https://www.canva.com/design/DAHT5IC7CDA/edit;24
#242;Segredos dos Santuários Marianos;Kenya e Berthaldo;https://youtu.be/vULBGcoE_sE;#242 - Kenya e Berthaldo.png;https://www.canva.com/design/DAHT5IC7CDA/edit;23
#243;Ex-grávida de Taubaté;Maria Verônica;https://youtu.be/mdFW-1yQFBM;#243 - Maria Verônica.png;https://www.canva.com/design/DAHT5VDGu2o/edit;46
#244;Apocalipse: 3 dias de trevas?;Lucas Gelasio;https://youtu.be/0xhJLxyZ4k4;#244 - Lucas Gelasio.png;https://www.canva.com/design/DAHT5VDGu2o/edit;45
#245;Fazer isso é desobedecer a Deus;Matheus Machado;https://youtu.be/qNNjTcVK4ac;#245 - Matheus Machado.png;https://www.canva.com/design/DAHT5VDGu2o/edit;44
#246;Viver só da Eucaristia?;Cláudio Bomtempo;https://youtu.be/M9ea_aSvUVE;#246 - Cláudio Bomtempo.png;https://www.canva.com/design/DAHT5G-VT0s/edit;2
#247;Parei de gritar com meus filhos;Esther Biselli;https://youtu.be/EAn00k33IjI;#247 - Esther Biselli.png;https://www.canva.com/design/DAHT5VDGu2o/edit;43
#248;Isso fez um pastor virar católico;Altamir Gomes;https://youtu.be/9ehvMBwHqU0;#248 - Altamir Gomes.png;https://www.canva.com/design/DAHT5VDGu2o/edit;51
#249;Maria é corredentora?;Pe. Francisco Amaral;https://youtu.be/O6pkvuXUuwk;#249 - Pe. Francisco Amaral.png;https://www.canva.com/design/DAHT5VDGu2o/edit;82
#250;O segredo da estátua de São Miguel;Pe. Márcio Almeida;https://youtu.be/CctgGtOmdSI;#250 - Pe. Márcio Almeida.png;https://www.canva.com/design/DAHT5VDGu2o/edit;81
#251;O cantor coreano que virou católico;Junho Chu;https://youtu.be/4SkFPqKyFI4;#251 - Junho Chu.png;https://www.canva.com/design/DAHT5VDGu2o/edit;80
#252;As profecias de Cimbres para o Brasil;Ione Paiva;https://youtu.be/yuVIJxy9EX8;#252 - Ione Paiva.png;https://www.canva.com/design/DAHT5VDGu2o/edit;79
#253;É por isso que você está sempre ansioso;Pedrinho Salomão;https://youtu.be/Kr1BWS55NrM;#253 - Pedrinho Salomão.png;https://www.canva.com/design/DAHT5VDGu2o/edit;78
#254;A jornada de fé de Paloma Bernardi;Paloma Bernardi;https://youtu.be/p76WnRONF94;#254 - Paloma Bernardi.png;https://www.canva.com/design/DAHT5NXToGQ/edit;2
#255;Esse erro prejudica sua imagem;Alexandra Bastos;https://youtu.be/xEQsjwoCIKc;#255 - Alexandra Bastos.png;https://www.canva.com/design/DAHT5VDGu2o/edit;77
#256;Ser bonzinho é o caminho para o inferno;Pedro Augusto;https://youtu.be/4NInLStrVKM;#256 - Pedro Augusto.png;https://www.canva.com/design/DAHT5VDGu2o/edit;76
#257;É por isso que muitos esfriam na fé;Thiago Dutra;https://youtu.be/ITA_aYs_4pw;#257 - Thiago Dutra.png;https://www.canva.com/design/DAHT5VDGu2o/edit;75
#258;O milagre que virou filme;Marcus e Yanna Varandas;https://youtu.be/5IvvhGzAX3k;#258 - Marcus e Yanna Varandas.png;https://www.canva.com/design/DAHT5IC7CDA/edit;22
#259;O nascimento de Jesus;Alvaro Siviero e Sérgio Resende;https://youtu.be/7EeH8OGv650;#259 - Alvaro Siviero e Sérgio Resende.png;https://www.canva.com/design/DAHT5IC7CDA/edit;21
#260;O que esperar de 2026;Diogo e Vanessa;https://youtu.be/455n0bv-y1I;#260 - Diogo e Vanessa.png;https://www.canva.com/design/DAHT4wC4lb4/edit;3
#261;O que não te contaram sobre Santo Agostinho;Joel Gracioso;https://youtu.be/EanZjNe4c_8;#261 - Joel Gracioso.png;https://www.canva.com/design/DAHT5VDGu2o/edit;74
#262;Esse foi o erro de Lutero;Filipe Santos;https://youtu.be/z1k7PgBJieU;#262 - Filipe Santos.png;https://www.canva.com/design/DAHT5VDGu2o/edit;73
#263;Você está solteira por causa disso;Joyce Pessanha;https://youtu.be/iUJMdwKck-s;#263 - Joyce Pessanha.png;https://www.canva.com/design/DAHT5VDGu2o/edit;72
#264;Casamento católico: não cometa esses erros;Simone Medeiros;https://youtu.be/ELgn6jdGA_I;#264 - Simone Medeiros.png;https://www.canva.com/design/DAHT5VDGu2o/edit;71
#265;Entrei infiltrado na esquerda;João Fernandes;https://youtu.be/HpdTF58pKdQ;#265 - João Fernandes.png;https://www.canva.com/design/DAHT5VDGu2o/edit;70
#266;O segredo para salvar seu casamento;João Nara;https://youtu.be/RhLgbGKbPIg;#266 - João Nara.png;https://www.canva.com/design/DAHT5VDGu2o/edit;69
#267;Pare de perder tempo na cozinha;Jeisa Tartari;https://youtu.be/wI9Ah30HSjE;#267 - Jeisa Tartari.png;https://www.canva.com/design/DAHT5VDGu2o/edit;68
#268;Anima e Santo Flow juntos pela 1ª vez;Guto Azevedo e Zulene Parente;https://youtu.be/ExBjsGe5h0Q;#268 - Guto Azevedo e Zulene Parente.png;https://www.canva.com/design/DAHT4wC4lb4/edit;2
#269;Conheça o padre gamer;Pe. Edson Ribeiro;https://youtu.be/Mr3Nc19rDxI;#269 - Pe. Edson Ribeiro.png;https://www.canva.com/design/DAHT5VDGu2o/edit;67
#270;O que não te contaram sobre alta performance;Giovane Gávio;https://youtu.be/aXIAodKQZ9c;#270 - Giovane Gávio.png;https://www.canva.com/design/DAHT5VDGu2o/edit;32
#271;O maior erro das solteiras;Jota Borgonhoni;https://youtu.be/c3omJvDh4U8;#271 - Jota Borgonhoni.png;https://www.canva.com/design/DAHT5VDGu2o/edit;66
#272;A proteína em formato de cruz;Tatiana Sampaio e Bruno Cortes;https://youtu.be/E3YxdXzfEQU;#272 - Tatiana Sampaio e Bruno Cortes.png;https://www.canva.com/design/DAHT5IC7CDA/edit;20
#273;Católico pode usar cristais?;Rosa Maria e Pe. Alan;https://youtu.be/V3ocn3mCuzI;#273 - Rosa Maria e Pe. Alan.png;https://www.canva.com/design/DAHT5IC7CDA/edit;19
#274;A incrível transformação do Pe. Adriano;Pe. Adriano Zandoná;https://youtu.be/ybDT8ruB-YQ;#274 - Pe. Adriano Zandoná.png;https://www.canva.com/design/DAHT5VDGu2o/edit;65
#275;A poderosa intercessão de São José;Diácono Leo Dominus;https://youtu.be/ufKKgRg1BXw;#275 - Diácono Leo Dominus.png;https://www.canva.com/design/DAHT5VDGu2o/edit;64
#277;Como vencer a ansiedade;Maria Maia;https://youtu.be/ISO4QeUkRzY;#277 - Maria Maia.png;https://www.canva.com/design/DAHT5VDGu2o/edit;62
#279;Os bastidores do filme de Guido Schaffer;Jayme Monjardim e Suzana Castelo;https://youtu.be/vYHKu4Dei50;#279 - Jayme Monjardim e Suzana Castelo.png;https://www.canva.com/design/DAHT4wC4lb4/edit;1
#280;Nunca construa sua casa assim;Alex e Rafa Brasileiro;https://youtu.be/rBblc551x5w;#280 - Alex e Rafa Brasileiro.png;https://www.canva.com/design/DAHT5IC7CDA/edit;18
#281;As 5 atuações do demônio;Diácono Nilzo;https://youtu.be/d3ZyNr_Wrco;#281 - Diácono Nilzo.png;https://www.canva.com/design/DAHT5VDGu2o/edit;61
#282;O poder oculto da arte sacra;Rafael Zucato;https://youtu.be/_EC426VlyQM;#282 - Rafael Zucato.png;https://www.canva.com/design/DAHT5VDGu2o/edit;60
#283;Foi por isso que saí da Canção Nova;Paula Guimarães;https://youtu.be/xABsGOShb7I;#283 - Paula Guimarães.png;https://www.canva.com/design/DAHT5VDGu2o/edit;52
#284;Quem foi Frei Galvão?;Frei Leandro Costa;https://youtu.be/-NeFv9CSTGI;#284 - Frei Leandro Costa.png;https://www.canva.com/design/DAHT5VDGu2o/edit;59
#285;A entrevista que a mídia não quer ver;Juliano Cazarré;https://youtu.be/eL1mR5kQ_RY;#285 - Juliano Cazarré.png;https://www.canva.com/d/uy_D_LWhgDVbFVw;2
#286;O sanfoneiro do forró católico;William Sanfona;https://youtu.be/-2lJ3DEgtXY;#286 - William Sanfona.png;https://www.canva.com/design/DAHT5VDGu2o/edit;58
#287;Opus Dei: segredos revelados;Pe. Paulo Ramalho;https://youtu.be/e352PT89Sts;#287 - Pe. Paulo Ramalho.png;https://www.canva.com/design/DAHT5VDGu2o/edit;53
#288;Fui criado para ser pai de santo;Pe. Iágaro Domingos;https://youtu.be/4Y0g6KV97v8;#288 - Pe. Iágaro Domingos.png;https://www.canva.com/design/DAHT5VDGu2o/edit;57
#289;De sambista a salmista;Eugênio Jorge;https://youtu.be/_NGO89J_NJA;#289 - Eugênio Jorge.png;https://www.canva.com/design/DAHT5VDGu2o/edit;56
#290;O poder do Rosário;Tiago Benetti e Alexandre Machafer;https://youtu.be/85quCMuLk20;#290 - Tiago Benetti e Alexandre Machafer.png;https://www.canva.com/design/DAHT5IC7CDA/edit;17
#291;Deus tem um plano de vida para você;Pedro Siqueira e Pe. Alexandre Carvalho;https://youtu.be/Dr2QbOlAhnM;#291 - Pedro Siqueira e Pe. Alexandre Carvalho.png;https://www.canva.com/d/uy_D_LWhgDVbFVw;3
#292;Católico x protestante;Ariel Lazari;https://youtu.be/GTfnuvk6T6Y;#292 - Ariel Lazari.png;https://www.canva.com/design/DAHT5VDGu2o/edit;55
#293;Um testemunho de fé emocionante;Maria Clara e Enrico Misasi;https://youtu.be/rZMVPQWTs1Y;#293 - Maria Clara e Enrico Misasi.png;https://www.canva.com/design/DAHT5NXToGQ/edit;1
#294;A maior feira católica do mundo;Kiara Castro;https://youtu.be/wQR2MOpRfyw;#294 - Kiara Castro.png;https://www.canva.com/design/DAHT5VDGu2o/edit;63
#295;O sucesso não era suficiente;Alvaro e Daniel;https://youtu.be/CEqb_o9HDYU;#295 - Alvaro e Daniel.png;https://www.canva.com/design/DAHT5IC7CDA/edit;16
#296;Isso fez trocarmos os palcos pela missão;Vivy e Nathan;https://youtu.be/yu39DMxNrgs;#296 - Vivy e Nathan.png;https://www.canva.com/design/DAHT5VDGu2o/edit;23
#297;O bispo que conheceu Irmã Lúcia;Dom Virgílio Antunes;https://youtu.be/5uoL6_vo1Zs;#297 - Dom Virgílio Antunes.png;https://www.canva.com/design/DAHT5LIwDx4/edit;2
#298;Menopausa e climatério;André Vinícius;https://youtu.be/MjxIqTW24uA;#298 - André Vinícius.png;https://www.canva.com/design/DAHT5G-VT0s/edit;1
#299;Deixei a homossexualidade e virei missionária;Kakau Silva;https://youtu.be/iLqQFWjPA-4;#299 - Kakau Silva.png;https://www.canva.com/design/DAHT5LIwDx4/edit;1
#300;O que o Papa disse sobre a IA;Rafael Medeiros;https://youtu.be/Zi9ejxMGXlw;#300 - Rafael Medeiros.png;https://www.canva.com/design/DAHT5VDGu2o/edit;54
#301;O segredo do casamento feliz;Glória Severiano Ribeiro;https://youtu.be/7LnuB75ule8;#301 - Glória Severiano Ribeiro.png;https://www.canva.com/design/DAHT5QR6hjc/edit;1
#302;Do luto à luz;Ricardo Benvenhu;https://youtu.be/xIDHkIW78tw;#302 - Ricardo Benvenhu.png;https://www.canva.com/design/DAHT5QR6hjc/edit;2
#303;Como falar de sexo com os filhos;Andyara Nóbrega;https://youtu.be/89k4YR68vnY;#303 - Andyara Nóbrega.png;https://www.canva.com/design/DAHT5QR6hjc/edit;3
#304;Aparições de Maria nas Américas;Pe. Francisco Amaral;https://youtu.be/o4TOjTP4JPg;#304 - Pe. Francisco Amaral.png;https://www.canva.com/design/DAHT5QR6hjc/edit;4
#305;A fé que nos sustentou;Clara e Thomaz Magalhães;https://youtu.be/FvLqzWQTwFg;#305 - Clara e Thomaz Magalhães.png;https://www.canva.com/design/DAHT5QR6hjc/edit;5
#306;A fé transforma o negócio;Raiane Batista;https://youtu.be/97LIb3yLMyc;#306 - Raiane Batista.png;https://www.canva.com/design/DAHT5QR6hjc/edit;6
#307;A nova ordem mundial;Pe. Pablo Henrique;https://youtu.be/IRE-Sev2iag;#307 - Pe. Pablo Henrique.png;https://www.canva.com/design/DAHT5QR6hjc/edit;7
#308;Duda Nogueira partiu em odor de santidade;Octacilia Nogueira;https://youtu.be/cvqtlsDDZhw;#308 - Octacilia Nogueira.png;https://www.canva.com/d/uy_D_LWhgDVbFVw;4
#309;A lei do feminicídio não deveria existir;Eduarda Campopiano;;#309 - Eduarda Campopiano.png;https://www.canva.com/design/DAHU6Mrajks/edit;5
#310;Política é coisa de católico?;Enrico Misasi e Reinaldo Alguz;https://youtu.be/KA2qHxslfPE;#310 - Enrico Misasi e Reinaldo Alguz.png;https://www.canva.com/design/DAHU6Mrajks/edit;6
#311;Do SuperStar à missão pelo forró;Felipe Alcântara;https://youtu.be/wxS42sVAgOU;#311 - Felipe Alcântara.png;https://www.canva.com/design/DAHU6Mrajks/edit;7
#312;Você vive para quê?;Pe. Christian Mendoza;https://youtu.be/_jgVHEkFtA8;#312 - Pe. Christian Mendoza.png;https://www.canva.com/design/DAHU6Mrajks/edit;2
#313;Você vai ter que convencer meu marido;Sabrina e Steven J. Gunnell;https://youtu.be/Ua1IO2Oi4VY;#313 - Sabrina e Steven J. Gunnell.png;https://www.canva.com/design/DAHU6Mrajks/edit;8
#314;O celibato faz o coração explodir;João Malheiro;https://youtu.be/5XrK5TauITc;#314 - João Malheiro.png;https://www.canva.com/design/DAHU6Mrajks/edit;9
#315;O gênio que nunca foi a uma aula;Juan Fernando Sellés;https://youtu.be/78zDviYPVEk;#315 - Juan Fernando Sellés.png;https://www.canva.com/design/DAHU6Mrajks/edit;10
#316;Ninguém é mais odiado que Jesus;Júlia de Castro;https://youtu.be/7wjRW-ci8qs;#316 - Júlia de Castro.png;https://www.canva.com/design/DAHU6Mrajks/edit;4
#317;Era a única mulher entre 52 policiais;Martha Rocha;https://youtu.be/AaZiK2mBg6Q;#317 - Martha Rocha.png;https://www.canva.com/design/DAHU6Mrajks/edit;11
#318;Tenho vergonha de falar ao padre;Pe. Cássio;https://youtu.be/h57IUu7AGyM;#318 - Pe. Cássio.png;https://www.canva.com/design/DAHU6Mrajks/edit;12
#319;O método Hirota: fé, família e trabalho;Francisco Hirota;https://youtu.be/WQeHcBRb-H0;#319 - Francisco Hirota.png;https://www.canva.com/design/DAHVf1gTH8M/edit;2
#320;O carrinho só fica mais vazio;Daniella Marques;https://youtu.be/E0anEGn2dEM;#320 - Daniella Marques.png;https://www.canva.com/d/uy_D_LWhgDVbFVw;7
#321;Tornozeleira rosa para agressores;Fred Pacheco;https://youtu.be/EDbNwDW-JQc;#321 - Fred Pacheco.png;https://www.canva.com/d/uy_D_LWhgDVbFVw;5
