Programa de origem;Episódio;Título da thumb;Convidado;Arquivo;Situação no Drive;Como foi identificado
Anima Especial;#4;Como funciona o cérebro com TDAH;Alex Rocha;#4 - Alex Rocha.png;excluído da pasta;especial
Anima Especial;#5;O perigo da alfabetização precoce;João Lucas;#5 - João Lucas.png;excluído da pasta;playlist Anima Especial
Anima Especial;#7;Autismo, TDAH ou mutismo seletivo?;Natasha Ganem;#7 - Natasha Ganem.png;excluído da pasta;especial
Anima Especial;#8;Maternidade atípica;Andressa Du Costa;#8 - Andressa Du Costa.png;excluído da pasta;especial
Anima Especial;#9;Posicionamento digital na saúde;Camila Nardi;#9 - Camila Nardi.png;excluído da pasta;especial
Anima Especial;#10;Autismo feminino: o lado invisível;Elizangila Leite;#10 - Elizangila Leite.png;excluído da pasta;especial
Anima Especial;#11;Superdotação: a verdade escondida;Olzeni Ribeiro;#11 - Olzeni Ribeiro.png;excluído da pasta;especial
Anima Podcast Saúde;#2;Vida corrida x saúde mental;Ana Beatriz Barbosa;#2 - Ana Beatriz Barbosa.png;substituído pela versão correta do Anima Podcast Saúde;playlist Anima Podcast Saúde
Anima Podcast Saúde;#3;Não desista da maternidade;Talita Melo;#3 - Talita Melo.png;substituído pela versão correta do Anima Podcast Saúde;playlist Anima Podcast Saúde
Anima Podcast Saúde;#6;É doença ou falta de ferro?;Tuane Villela;#6 - Tuane Villela.png;substituído pela versão correta do Anima Podcast Saúde;playlist Anima Podcast Saúde
Anima Podcast Saúde;#12;Como educar crianças autistas;Mariana Vilas Boas;#12 - Mariana Vilas Boas.png;substituído pela versão correta do Anima Podcast Saúde;playlist Anima Podcast Saúde
Anima Podcast Saúde;#13;A verdade sobre o emagrecimento;Tamiris Rachid;#13 - Tamiris Rachid.png;substituído pela versão correta do Anima Podcast Saúde;playlist Anima Podcast Saúde
Anima Podcast Saúde;#14;Fé e ciência: o método Billings;Pâmela Schitine;#14 - Pâmela Schitine.png;substituído pela versão correta do Anima Podcast Saúde;playlist Anima Podcast Saúde
Anima Podcast Saúde;#15;A batalha da dor crônica;Flávia Nascimento;#15 - Flávia Nascimento.png;substituído pela versão correta do Anima Podcast Saúde;playlist Anima Podcast Saúde
Anima Podcast Saúde;#16;Medicina e espiritualidade;Bruno Farnetano;#16 - Bruno Farnetano.png;substituído pela versão correta do Anima Podcast Saúde;playlist Anima Podcast Saúde
Anima Podcast Saúde;#17;Como os hormônios afetam você;Diogo Viana;#17 - Diogo Viana.png;substituído pela versão correta do Anima Podcast Saúde;playlist Anima Podcast Saúde
Anima Podcast Saúde;#18;Emagrecer só com cirurgia?;Cris Alberti;#18 - Cris Alberti.png;substituído pela versão correta do Anima Podcast Saúde;playlist Anima Podcast Saúde
Anima Podcast Saúde;#19;Aumente a fertilidade de forma natural;Eduardo Honorato;#19 - Eduardo Honorato.png;substituído pela versão correta do Anima Podcast Saúde;playlist Anima Podcast Saúde
Anima Podcast Saúde;#20;A verdade sobre a maternidade;Bianca Quevedo;#20 - Bianca Quevedo.png;substituído pela versão correta do Anima Podcast Saúde;playlist Anima Podcast Saúde
Anima Podcast Saúde;#21;Saúde pélvica: cuidados e terapias;Michelle Paixão;#21 - Michelle Paixão.png;substituído pela versão correta do Anima Podcast Saúde;playlist Anima Podcast Saúde
Anima Podcast Saúde;#22;A saúde segundo Santa Hildegarda;Priscila Antunes;#22 - Priscila Antunes.png;substituído pela versão correta do Anima Podcast Saúde;playlist Anima Podcast Saúde
Anima Podcast Saúde;#23;Desfralde tardio e doenças;Aureanne Villacorta;#23 - Aureanne Villacorta.png;substituído pela versão correta do Anima Podcast Saúde;playlist Anima Podcast Saúde
Anima Podcast Saúde;#24;Fertilidade feminina sem mistérios;Filipe Duarte;#24 - Filipe Duarte.png;substituído pela versão correta do Anima Podcast Saúde;playlist Anima Podcast Saúde
Anima Podcast Saúde;#25;Não é só gordurinha no fígado;Anderson Brito;#25 - Anderson Brito.png;substituído pela versão correta do Anima Podcast Saúde;playlist Anima Podcast Saúde
Anima Podcast Saúde;#26;Sua saúde começa no intestino;Roberta Rigueira;#26 - Roberta Rigueira.png;substituído pela versão correta do Anima Podcast Saúde;playlist Anima Podcast Saúde
Anima Podcast Saúde;#27;Consultório médico de sucesso;Clara Morena;#27 - Clara Morena.png;substituído pela versão correta do Anima Podcast Saúde;playlist Anima Podcast Saúde
Anima Podcast Saúde;#28;Hormônios e a saúde feminina;Leonardo Jacobsen;#28 - Leonardo Jacobsen.png;substituído pela versão correta do Anima Podcast Saúde;playlist Anima Podcast Saúde
Anima Podcast Saúde;#29;O valor da vida humana;Carolina Delage;#29 - Carolina Delage.png;substituído pela versão correta do Anima Podcast Saúde;playlist Anima Podcast Saúde
Anima Podcast Saúde;#30;Infertilidade: quando buscar a terapia?;Felipe Magalhães;#30 - Felipe Magalhães.png;substituído pela versão correta do Anima Podcast Saúde;playlist Anima Podcast Saúde
Anima Podcast Saúde;#31;Câncer de pele: diagnóstico precoce;Caroline Brandão;#31 - Caroline Brandão.png;substituído pela versão correta do Anima Podcast Saúde;playlist Anima Podcast Saúde
Anima Podcast Saúde;#32;Dormir bem transforma tudo;Isabel Braga;#32 - Isabel Braga.png;substituído pela versão correta do Anima Podcast Saúde;playlist Anima Podcast Saúde
Anima Podcast Saúde;#33;Cuide bem do seu coração;Rodrigo Reis;#33 - Rodrigo Reis.png;substituído pela versão correta do Anima Podcast Saúde;playlist Anima Podcast Saúde
Anima Podcast Saúde;#34;A saúde mental do seu filho;Marcelo Masruha;#34 - Marcelo Masruha.png;substituído pela versão correta do Anima Podcast Saúde;playlist Anima Podcast Saúde
Anima Podcast Saúde;#35;Cuide bem dos seus olhos;Leonardo Fontana;#35 - Leonardo Fontana.png;substituído pela versão correta do Anima Podcast Saúde;playlist Anima Podcast Saúde
Anima Podcast Saúde;#36;Tudo sobre a saúde respiratória;Renato Azambuja;#36 - Renato Azambuja.png;substituído pela versão correta do Anima Podcast Saúde;playlist Anima Podcast Saúde
Anima Podcast Saúde;#37;Tudo sobre o Alzheimer;Henrique Cal;#37 - Henrique Cal.png;substituído pela versão correta do Anima Podcast Saúde;playlist Anima Podcast Saúde
Anima Podcast Saúde;#38;Tudo sobre a saúde infantil;Ana Carolina Goulart;#38 - Ana Carolina Goulart.png;substituído pela versão correta do Anima Podcast Saúde;playlist Anima Podcast Saúde
Anima Podcast Saúde;#39;Depressão: a doença do século XXI;Dario Leitão;#39 - Dario Leitão.png;substituído pela versão correta do Anima Podcast Saúde;playlist Anima Podcast Saúde
Anima Podcast Saúde;#40;Nutrição para cada temperamento;Carol Barros;#40 - Carol Barros.png;substituído pela versão correta do Anima Podcast Saúde;playlist Anima Podcast Saúde
Anima Podcast Saúde;#41;Endometriose: quando operar?;Lucas Vinhas;#41 - Lucas Vinhas.png;substituído pela versão correta do Anima Podcast Saúde;playlist Anima Podcast Saúde
Anima Podcast Saúde;#42;Burnout;Paula Campozan;#42 - Paula Campozan.png;substituído pela versão correta do Anima Podcast Saúde;playlist Anima Podcast Saúde
Anima Podcast Saúde;#43;Varizes: causas e soluções;Carina Brandão;#43 - Carina Brandão.png;substituído pela versão correta do Anima Podcast Saúde;playlist Anima Podcast Saúde
Anima Podcast Saúde;#44;Ultrassom na gravidez;Heron Werner;#44 - Heron Werner.png;substituído pela versão correta do Anima Podcast Saúde;playlist Anima Podcast Saúde
Anima Podcast Saúde;#72;Lipedema não é só gordura;Georgia Dorigon;#72 - Georgia Dorigon.png;substituído pela versão correta do Anima Podcast Saúde;playlist Anima Podcast Saúde
Anima Podcast Saúde;#73;7 erros que te impedem de ser mãe;Moniele Cunha;#73 - Moniele Cunha.png;substituído pela versão correta do Anima Podcast Saúde;saude
Anima Podcast Saúde;#74;Acabando com a saúde das crianças;Renata Fróes;#74 - Renata Fróes.png;substituído pela versão correta do Anima Podcast Saúde;saude
Anima Podcast Saúde;#75;Hábitos que causam cegueira;João Paulo Lomelino;#75 - João Paulo Lomelino.png;substituído pela versão correta do Anima Podcast Saúde;saude
Anima Podcast Saúde;#76;A cura para o cansaço não é dormir;João Malheiro;#76 - João Malheiro.png;substituído pela versão correta do Anima Podcast Saúde;saude
Anima Podcast Saúde;#77;Autismo e TDAH é modinha?;Carolina Scarabucci;#77 - Carolina Scarabucci.png;substituído pela versão correta do Anima Podcast Saúde;saude
Anima Podcast Saúde;#78;A dieta que ajuda a vencer o câncer;Paula Pratti;#78 - Paula Pratti.png;substituído pela versão correta do Anima Podcast Saúde;saude
Anima Podcast Saúde;#79;Suicídio: sinais de alerta;Thiago Andrade;#79 - Thiago Andrade.png;substituído pela versão correta do Anima Podcast Saúde;playlist Anima Podcast Saúde
Anima Podcast Saúde;#80;O fim do metabolismo lento;Flavia Verocai;#80 - Flavia Verocai.png;substituído pela versão correta do Anima Podcast Saúde;reauditoria: título/convidado idênticos ao episódio do Saúde de mesmo número
Anima Podcast Saúde;#81;Acordar cansado não é normal;Gleison Guimarães;#81 - Gleison Guimarães.png;substituído pela versão correta do Anima Podcast Saúde;saude
Anima Podcast Saúde;#83;Autoimune causa infertilidade?;Carolina Meireles;#83 - Carolina Meireles.png;substituído pela versão correta do Anima Podcast Saúde;reauditoria: título/convidado idênticos ao episódio do Saúde de mesmo número
Anima Podcast Saúde;#84;Como preparar sua casa para o Natal;Ana Luisa Rego Macedo;#84 - Ana Luisa Rego Macedo.png;substituído pela versão correta do Anima Podcast Saúde;playlist Anima Podcast Saúde
Anima Podcast Saúde;#85;O que as unhas dizem da saúde;Miguel Ceccarelli;#85 - Miguel Ceccarelli.png;substituído pela versão correta do Anima Podcast Saúde;saude
Anima Podcast Saúde;#86;Vitiligo tem cura?;Paulo Luzio;#86 - Paulo Luzio.png;substituído pela versão correta do Anima Podcast Saúde;playlist Anima Podcast Saúde
Anima Podcast Saúde;#87;O fim do efeito sanfona;Luis Trocado;#87 - Luis Trocado.png;substituído pela versão correta do Anima Podcast Saúde;playlist Anima Podcast Saúde
Anima Podcast Saúde;#88;Criança acordando à noite;Larissa Abreu;#88 - Larissa Abreu.png;substituído pela versão correta do Anima Podcast Saúde;saude
Anima Podcast Saúde;#89;Epidemia de autismo?;Tielle Machado;#89 - Tielle Machado.png;substituído pela versão correta do Anima Podcast Saúde;saude
Anima Podcast Saúde;#90;A pele dos sonhos;Larissa Botelho;#90 - Larissa Botelho.png;substituído pela versão correta do Anima Podcast Saúde;playlist Anima Podcast Saúde
Anima Podcast Saúde;#91;Por que seu filho vive doente;Nathalia Vianna;#91 - Nathalia Vianna.png;substituído pela versão correta do Anima Podcast Saúde;saude
Anima Podcast Saúde;#92;Seu filho não fala? O motivo;Mariana de Oliveira;#92 - Mariana de Oliveira.png;substituído pela versão correta do Anima Podcast Saúde;saude
Anima Podcast Saúde;#93;Tudo sobre a escoliose;Pedro Paschoal;#93 - Pedro Paschoal.png;substituído pela versão correta do Anima Podcast Saúde;playlist Anima Podcast Saúde
Anima Podcast Saúde;#94;Saúde mental da mulher;Juliana Neves;#94 - Juliana Neves.png;substituído pela versão correta do Anima Podcast Saúde;saude
Anima Podcast Saúde;#95;Mitos sobre o câncer de mama;Marcela Nardi;#95 - Marcela Nardi.png;substituído pela versão correta do Anima Podcast Saúde;saude
Anima Podcast Saúde;#96;A nova era da cirurgia plástica;Casal Plástica;#96 - Casal Plástica.png;substituído pela versão correta do Anima Podcast Saúde;saude
Anima Podcast Saúde;#97;Ultrassom normal, sem gravidez?;Clariana Maurente;#97 - Clariana Maurente.png;substituído pela versão correta do Anima Podcast Saúde;saude
Anima Podcast Saúde;#98;Alopecia e a queda de cabelo;Graça Tavares;#98 - Graça Tavares.png;substituído pela versão correta do Anima Podcast Saúde;saude
Anima Podcast Saúde;#99;Tudo sobre a labirintite;Fernando Goslin;#99 - Fernando Goslin.png;substituído pela versão correta do Anima Podcast Saúde;reauditoria: título/convidado idênticos ao episódio do Saúde de mesmo número
Anima Podcast Saúde;#100;Como vencer o bruxismo;Andrea Melo;#100 - Andrea Melo.png;substituído pela versão correta do Anima Podcast Saúde;saude
Anima Podcast Saúde;#101;O erro no herpes-zóster;Murilo Drummond;#101 - Murilo Drummond.png;substituído pela versão correta do Anima Podcast Saúde;reauditoria: título/convidado idênticos ao episódio do Saúde de mesmo número
Anima Podcast Saúde;#102;Infertilidade tem cura?;André Vaz;#102 - André Vaz.png;substituído pela versão correta do Anima Podcast Saúde;saude
Anima Podcast Saúde;#103;A beleza da castidade;Mariana Francoti;#103 - Mariana Francoti.png;substituído pela versão correta do Anima Podcast Saúde;saude
Anima Podcast Saúde;#104;Joanetes: mitos e verdades;José Carlos Cohen;#104 - José Carlos Cohen.png;substituído pela versão correta do Anima Podcast Saúde;saude
Anima Podcast Saúde;#105;Endometriose tem cura?;Igor Chiminacio;#105 - Igor Chiminacio.png;substituído pela versão correta do Anima Podcast Saúde;saude
Anima Podcast Saúde;#106;A verdade sobre a hérnia de disco;Luiz Sola;#106 - Luiz Sola.png;substituído pela versão correta do Anima Podcast Saúde;saude
Anima Podcast Saúde;#107;Esclerose múltipla: como identificar;Marcos Alvarenga;#107 - Marcos Alvarenga.png;substituído pela versão correta do Anima Podcast Saúde;saude
Anima Podcast Saúde;#108;Rinoplastia com resultado natural;Leandro Ventura;#108 - Leandro Ventura.png;substituído pela versão correta do Anima Podcast Saúde;saude
Anima Podcast Saúde;#109;Intolerância à histamina;Sylvia Campos;#109 - Sylvia Campos.png;substituído pela versão correta do Anima Podcast Saúde;saude
Anima Podcast Saúde;#110;Os segredos da alta performance;Andréia Batista;#110 - Andréia Batista.png;substituído pela versão correta do Anima Podcast Saúde;reauditoria: título/convidado idênticos ao episódio do Saúde de mesmo número
Anima Podcast Saúde;#111;Neuromielite óptica: a doença da visão;Regina Alvarenga;#111 - Regina Alvarenga.png;substituído pela versão correta do Anima Podcast Saúde;reauditoria: título/convidado idênticos ao episódio do Saúde de mesmo número
Anima Podcast Saúde;#112;Sexualidade e namoro na adolescência;Samia Marsili;#112 - Samia Marsili.png;substituído pela versão correta do Anima Podcast Saúde;saude
Anima Podcast Saúde;#113;Lentes de contato estragam os dentes?;Gustavo Bastos;#113 - Gustavo Bastos.png;substituído pela versão correta do Anima Podcast Saúde;saude
Anima Podcast Saúde;#114;Quando o desconforto vira alerta;Patrícia Arias;#114 - Patrícia Arias.png;substituído pela versão correta do Anima Podcast Saúde;saude
