programa,num,titulo,convidado,status,link
Anima,1,"Crise de ansiedade, como controlar?",Dr. João Marcos Ferreira,,https://youtu.be/Ztv9iBN5TLM
Anima,2,Como educar seu filho na fé católica,João Malheiro,,https://youtu.be/pWlDqLfYikI
Anima,3,Como não ter preguiça de estudar,José Roberto Mello Porto,,https://youtu.be/97LXXIQPUPQ
Anima,4,Como construir uma imagem de sucesso,João Menna,,https://youtu.be/yRljXJ7QSvY
Anima,5,Meu primeiro Podcast,Italo Marsili,,https://youtu.be/9s_d63aZQ6Y
Anima,6,"Espírito, alma e corpo: qual a diferença?",Sergio Resende,,https://youtu.be/Ciu1H5JRxt0
Anima,7,As finalidades da suplementação para transformar sua vida,Gil Gabriel Outeiro,,https://youtu.be/oibKqPCC8t4
Anima,8,Método natural contraceptivo em vez de pílula?,Dr. Filipe Duarte,,https://youtu.be/cawfbwZa1xk
Anima,9,A história por trás da política,Analine e Claudio Castro,,https://youtu.be/IQiy-93e1hE
Anima,10,"Igreja Católica na Nicarágua, o que está acontecendo?",Pedro Delfino,,https://youtu.be/5-JRCBtodw4
Anima,11,Os perigos do vício em pornografia e o que muda no cérebro,Diogo Wink,,https://youtu.be/rTp7Dlk0d5A
Anima,12,Como o anjo da guarda nos protege?,Pedro Siqueira,,https://youtu.be/Qo5IYb1X2AQ
Anima,13,"Filosofia, fé e razão, o que você precisa saber?",Renato Moraes,,https://youtu.be/BrQQVqjfskA
Anima,14,Conversão ao catolicismo e sua importância para os dias atuais,Henrique Lima,,https://youtu.be/BKn1nMPT278
Anima,15,"Saúde e espiritualidade, o que tem a ver?",Hugo Neves,,https://youtu.be/6KqfZpFccUk
Anima,16,Você sabe o que faz o Centro Dom Bosco?,Pedro Affonseca,,https://youtu.be/SD4_5IPd8yo
Anima,17,"Terapia de casal, fé, vida matrimonial e filhos",Dr. Jorge Rodrigues,,https://youtu.be/6NELGZmqlwY
Anima,18,"Maternidade, fé e profissão. Como é ser mãe de 7 filhos?",Samia Marsili,,https://youtu.be/7SfBfU4GFzg
Anima,19,Quem é o ator fora de Pantanal?,Juliano Cazarré,,https://youtu.be/qypgTgtNO-o
Anima,20,Como a medicina se alinha com a fé?,Guili Pech,,https://youtu.be/cGfSqKKEd7o
Anima,21,40 anos de viagem com a imagem de Fátima,Thomas McKenna,,https://youtu.be/qutx4X34raI
Anima,22,Por que seguir sua vocação?,Ciça Rego Macedo,,https://youtu.be/lcBmJk9pabw
Anima,23,Como ser uma empreendedora de sucesso,Rosana Braem,,https://youtu.be/RhWEzUQmJnk
Anima,24,Como ser uma pessoa mais interessante,Pedro Rocha,,https://youtu.be/AEhgopD5Pz4
Anima,25,"Exorcismo, quais atitudes devemos evitar",Pe. Thiago Bartoli,,https://youtu.be/_1sPZ5Db6ac
Anima,26,Humor e religião combinam?,Fábio Borges,,https://youtu.be/zu6Sqe5SHKE
Anima,27,Os melhores pitacos da internet,Mila Marsili,,https://youtu.be/M_5Z_Wny0us
Anima,28,"Guido Schäffer, o santo brasileiro surfista",Nazareth Schäffer,,https://youtu.be/Gx5nx35qllQ
Anima,29,Autismo e a importância da família,Dr. Thiago Castro,,https://youtu.be/AQQat7aEBA0
Anima,30,De lavrador a bispo,Dom Paulo Romão,,https://youtu.be/qSRTu_Bqr5A
Anima,31,Como desinflamar o corpo e alimentar a alma,Dra. Priscila Antunes,,https://youtu.be/eprw18ze2_E
Anima,32,Casei e separei. E agora?,Padre José Edilson,,https://youtu.be/uCCGFVEAvGk
Anima,33,"Como compus ""Tudo é do Pai?""",Fred Pacheco,,https://youtu.be/amjaKXeDVwY
Anima,34,O milagre pela intercessão de Nossa Senhora!,Frei Diego,,https://youtu.be/m0g5tkOD3NQ
Anima,35,Como encontro Deus na música,Adriana Arydes,,https://youtu.be/cW0MyuxqYio
Anima,36,Como seguir a vocação de Deus mesmo depois de um aborto,Padre Matheus Aquino,,https://youtu.be/I0Nt7fy0wRQ
Anima,37,Das drogas para Deus,Dunga,,https://youtu.be/D_pOWmySujQ
Anima,38,Salvei + 2mil vidas do abort0,Zezé Luz,,https://youtu.be/Q_SxDQCxISo
Anima,39,"Maldições hereditárias, como quebrá-las",André Prazeres,,https://youtu.be/6a40prMiTcw
Anima,40,Deus falou comigo pela música,Allyson Castro,,https://youtu.be/bGCFg7sdXz8
Anima,41,Minha filha é um Milagre,Letícia Cazarré,,https://youtu.be/yxOUzhGPuWY
Anima,42,Escola só de meninas ou meninos é melhor?,Adrianna de Abreu,,https://youtu.be/vPRIYG6YGmw
Anima,43,Casamento fracassado tem jeito,Thiago Andrade,,https://youtu.be/seb8t23GXNs
Anima,44,Vape é melhor ou pior que cigarro?,Alexandre Milagres,,https://youtu.be/QA7vFo0j9vA
Anima,45,Bebês viram lixo hospitalar!,Henrique Lima,,https://youtu.be/P4wBM7Jslpk
Anima,46,Cristianismo é de matriz africana?,Patricia Silva,,https://youtu.be/0SUj7WOExgw
Anima,47,Antifeminista eu? Claro!,Pietra Bertolazzi,,https://youtu.be/ahq0x-dkY48
Anima,48,De ex-pastor a católico,Professor Eduardo Faria,,https://youtu.be/_urbYhkOqwc
Anima,49,Meu anjo da guarda me salvou de um sequestro,Joaquim Carvalho Pedra,,https://youtu.be/WEcwpXRiudA
Anima,50,O feminismo é um movimento comunista,Mariana Brito,,https://youtu.be/KasFbisjZzY
Anima,52,Política e catolicismo se misturam?,Márcio Gualberto,,https://youtu.be/zqPElXiMasw
Anima,53,Como ser invisível e ter sucesso no digital,Arno Alcântara,,https://youtu.be/chMAWFHLpCY
Anima,54,Sou um milagre,Eliana Ribeiro,,https://youtu.be/ehu71Z13r40
Anima,55,"Adoção Espiritual, como salvar bebês do abort0!",Dom Tiago Stanislaw,,https://youtu.be/LeymeZyrRz8
Anima,56,Prefiro perder as eleições do que minha alma,Chris Tonietto,,https://youtu.be/--k3kqTMbiI
Anima,57,A vontade de Deus é a nossa paz,Padre Antônio José,,https://youtu.be/PwMqTbp73tE
Anima,58,Ouça o chamado de Deus para a sua conversão,Padre Heitor de Menezes,,https://youtu.be/jv0wGRgqMmQ
Anima,59,É possível haver paz entre Israel e Palestina?,Prof. Paulo Velasco,,https://youtu.be/U9gKdm5lYgE
Anima,60,"Nossa Sra. das Lágrimas, conhece?",Raphael Tonon,,https://youtu.be/BgE8X0sby3k
Anima,61,Você sabe que existe uma Orquestra Católica no Rio?,Maestro Carlos Pimenta,,https://youtu.be/LFxNM_5H2Io
Anima,62,Como rezar para a conversão de alguém?,Diácono Romulo Canuto,,https://youtu.be/t2IYNW5O618
Anima,63,Decifrando os casais,Padre Julinho,,https://youtu.be/kinKtjQNKBM
Anima,65,Você sabia desse título de Nossa Senhora?,Simone Marquetto,,https://youtu.be/TGPNTBS7eq4
Anima,66,Círio de Nazaré. O que você sabe dessa grande festa?,Monsenhor Agostinho,,https://youtu.be/i4pWLI89PuE
Anima,67,Rito Romano antigo. Entenda a diferença,Dom Fernando Rifan,,https://youtu.be/ZuheHFdttO0
Anima,68,Como ler e entender a Bíblia?,Victor Sales Pinheiro,,https://youtu.be/J28wiVi-XDE
Anima,69,Purgatório existe? O que os anjos fazem?,Loo Burnett,,https://youtu.be/EDa1EvrCpPE
Anima,70,Os melhores estímulos para nossas crianças,Thiago Castro,,https://youtu.be/DN_3OfaLXtg
Anima,71,Por que uma investidora largou a cidade e foi morar no campo?,Lygia Pimentel,,https://youtu.be/v4TblZue1m0
Anima,72,Como não ser uma presa fácil?,Jeciandro Pessoa,,https://youtu.be/OgtVp7s7VCU
Anima,73,"Escapulário verde, pra que serve?",Rafael Diniz Abrantes,,https://youtu.be/9cb-3CW_TtU
Anima,74,Você é ocupado ou produtivo?,Dr. Henrique Cal,,https://youtu.be/piNojRqvWqI
Anima,75,"Estudando para ser pastor, decidi voltar à Igreja Católica",Igor Pires do Nascimento,,https://youtu.be/pn69WRZeYYI
Anima,76,Por que rezar faz bem ao coração?,Rodrigo Reis,,https://youtu.be/KiPQjtRV67E
Anima,77,Ex-gay existe?,Omar de Matos,,https://youtu.be/soBQeH1LkHU
Anima,78,Como deseducar seu filho,João Malheiro,,https://youtu.be/MfyZcn1ngzk
Anima,79,"Afinal, quem foi Maria Madalena?",João Carlos Nara,,https://youtu.be/cGQ4xsrLFHw
Anima,80,"Não é problema de vocação, é preguiça!",Diego Reis,,https://youtu.be/W0fq6E8a-Mo
Anima,81,Quaresma. O que devo fazer?,Pe. Renato Britto,,https://youtu.be/CvSZ7hpbWj0
Anima,82,Você precisa de remédio pra dormir?,Dr. Gleison Guimarães,,https://youtu.be/nZCs5lDt6p0
Anima,83,Milagres que a ciência não explica,Dr. João Marcos,,https://youtu.be/xNsmEWSAfdY
Anima,84,Nossa Senhora de Lourdes e a água milagrosa,Cônego Valtemario Frazão,,https://youtu.be/KPXTI1IWSxU
Anima,85,"São José, terror dos demônios",Padre Alexandre Pinheiro,,https://youtu.be/Gn-fUJgt2fQ
Anima,86,Santo de calça jeans e tênis?,Padre Fábio Vieira,,https://youtu.be/dDvJ6TBgfDU
Anima,87,Ped0fili4 - Aprender para se defender!,Maura de Oliveira,,https://youtu.be/Ykm45agBtao
Anima,88,Católico sem Semana Santa?,Padre Jorge Carreira,,https://youtu.be/VBYLNVwCl50
Anima,89,Arqueologia bíblica. O que é?,Padre Bessa,,https://youtu.be/6Fut6TjylMM
Anima,90,Santo é tudo igual?,Matheus Bazzo,,https://youtu.be/lCTdH9asYXg
Anima,91,Como ler a Bíblia?,Carlos Magliano,,https://youtu.be/CSX0ojfWv5k
Anima,92,Como sofrer com alegria?,Pe. Márlon Múcio,,https://youtu.be/2IYNs1LFWsQ
Anima,93,O Milagre de Guadalupe,Angela Morais,,https://youtu.be/zttGkI0ZC1I
Anima,94,A religião mudou a forma como vejo a medicina!,Vanessa Wink,,https://youtu.be/jgxX--y5VBI
Anima,95,Como a Fé resiste num dos lugares mais intolerantes do mundo?,Dom Laurent Dabiré,,https://youtu.be/MgTJK0T4TQ8
Anima,96,Com que idade começo a falar de Deus com as crianças?,Rachel Lemos,,https://youtu.be/IVnz_y3mAGo
Anima,97,Como enfrentar a morte com fé?,Rafaelly Faitanin,,https://youtu.be/I2sq8n7z3o8
Anima,98,⁠Nós nunca tínhamos ido a uma Missa antes!,Wendell Carvalho e Karina Peloi,,https://youtu.be/1ORWr2a5tVE
Anima,99,O caminho para crescer em Santidade!,Pe. Leonardo Wagner,,https://youtu.be/hjkEzz_WvoM
Anima,101,Desafios e alegrias de uma família numerosa!,Mari e Carlos Arasaki,,https://youtu.be/r2Yuq0UQgGI
Anima,102,Precisamos rebater esse ataque à Igreja!,Bernardo Küster,,https://youtu.be/i8jYGISpLs0
Anima,103,Esse é o caminho para ser um Cristão alegre!,Ana Luisa Rabelo,,https://youtu.be/5y2T-0ikRz4
Anima,104,Foi por isso que ele decidiu ser padre!,Dom Devair,,https://youtu.be/5li_HqCuHlI
Anima,105,"Céu, inferno e purgatório: o que disse Bento XVI?",Padre Renato Andrade,,https://youtu.be/_L-fC5pggAQ
Anima,106,Tudo que mulheres precisam saber antes de casar!,Silvana Blanc,,https://youtu.be/OAQ1mMg-zh8
Anima,107,Mestre em Teologia explica Santa Teresa D`Avila,Larissa Menegatti,,https://youtu.be/s1QCAWog3W0
Anima,108,Como foi o processo de conversão dele?,Alexandre Crof,,https://youtu.be/KytQXrGykMY
Anima,109,O caminho para se tornar uma mulher virtuosa,Juliana Rachid,,https://youtu.be/PRU8p_BXijY
Anima,110,Como deixar Deus agir (da forma certa) na sua vida?,Andressa Ducosta,,https://youtu.be/3Cgpdf8cpa8
Anima,111,O caminho para ser família em Deus!,Paula Lellis,,https://youtu.be/8yf04KMWdG0
Anima,112,Tudo sobre a Santa Missa - Parte 1,Padre Balbino,,https://youtu.be/yBMK6j5Kc9g
Anima,113,Aborto ou assassinato? Entenda a PL 1904!,Marlon Derosa,,https://youtu.be/oTzIMbUhJHA
Anima,114,Psicologia e espiritualidade combinam?,Gislene Isquierdo,,https://youtu.be/sncIlyqyuz0
Anima,115,Como o técnico da seleção foi demitido por ser pró-vida,Diego Falcão,,https://youtu.be/jiKjpWaAeQw
Anima,116,Como o esporte pode nos aproximar de Deus,Padre Rodrigo Vieira,,https://youtu.be/ckGxSqCbsrY
Anima,117,"""Minha história tinha tudo pra dar errado...""",Ana Paula Perci,,https://youtu.be/7cUHF2UtbXs
Anima,118,A importância da adoção,Tônio Tavares,,https://youtu.be/We3PNaqZGiM
Anima,119,Tudo sobre a Santa Missa - Parte 2,Padre Balbino,,https://youtu.be/uoMijlGl3e8
Anima,120,Como é se converter aos 17 anos?,Eduardo Badu,,https://youtu.be/mqRpT62b11s
Anima,121,O Frei que toca almas através da música,Frei Gilson,,https://youtu.be/uVMNcNU_lMA
Anima,122,Como a Fé Católica Transforma a Adoção,Bruna Gutstein,,https://youtu.be/T7_vAZviZg8
Anima,123,"Podcast dos Homens: casamento, paternidade, família e saúde",,,https://youtu.be/BU3TzGp989E
Anima,124,Tudo sobre a Santa Missa - Parte 3,Padre Balbino,,https://youtu.be/mEgamDpoJ4w
Anima,125,Tudo que você sempre quis saber sobre anjos e demônios,Rafael Brito,,https://youtu.be/o-47C5ckeqg
Anima,126,Transformando Vidas com Pães,Chef Marcelo Horta,,https://youtu.be/QDdjwJA9OEw
Anima,127,Tudo sobre o jejum: a penitência universal,Eduardo Oliveira,,https://youtu.be/WVnV1lUcryg
Anima,128,A psicóloga que toca corações através da música!,Ziza Fernandes,,https://youtu.be/4LbsRAByOkA
Anima,129,"A conversão de Valeska Bruzzi, fenômeno do digital",Valeska Bruzzi,,https://youtu.be/dUYao44NzRk
Anima,130,Tudo sobre a Santa Missa - Parte 4,Padre Balbino,,https://youtu.be/SgmZRvLnRfc
Anima,131,Tudo sobre a Santa Missa - Parte 5,Padre Balbino,,https://youtu.be/BcV4yT1Bv1k
Anima,132,Ex-ateu e mestre em filosofia revela a verdade!,Guilherme Freire,,https://youtu.be/r1hmx82ZZQY
Anima,133,Tudo sobre Santa Teresinha,Dom Milton Kenan Júnior,,https://youtu.be/WGotFriP9Vo
Anima,134,Da Disney para a Igreja,Arte Piedosa (Emerson José e Denis Russo),,https://youtu.be/8Z6v7JsJJNY
Anima,135,SEGREDOS DA SEMANA SANTA: O que não te contaram sobre o Tríduo Pascal,Padre Balbino,,https://youtu.be/QhH44Ldvfog
Anima,135,Especial São Miguel Arcanjo,Rafael Brito,,https://youtu.be/0BqMvsCYgqY
Anima,136,"Maternidade, Ansiedade e o Método ""Bem Grávida""",Araceli Alcântara,,https://youtu.be/En0_MbBtGZU
Anima,137,A Sabedoria de Santo Tomás de Aquino,Sidney Silveira,,https://youtu.be/AP6lSjgyYhI
Anima,138,Especial São Gabriel Arcanjo,Rafael Brito,,https://youtu.be/3RS40ExqazU
Anima,139,Jesus foi no motel me salvar,Marcelo Braggion,,https://youtu.be/G-e9dQ5ArPc
Anima,140,Perdi meus 4 membros mas não perdi a fé,"Jessyca ""Jessyborg"" Oliveira",,https://youtu.be/sPfqCSMl7i4
Anima,141,Milagres no Sertão,Padre Fabrício Timóteo,,https://youtu.be/O-CYeJApBag
Anima,142,Especial São Rafael Arcanjo,Rafael Brito,,https://youtu.be/TG5MYGEXpNY
Anima,143,Estão matando os cristãos,Ana Manente,,https://youtu.be/S-_Yj5X4dQE
Anima,144,Tudo sobre a Santa Missa - Parte 6,Padre Balbino,,https://youtu.be/2jGP0TXkxqU
Anima,145,Superando a tragédia: A verdade por trás da cura,Maria Dulce Arruda,,https://youtu.be/5XWP6Krz_Xk
Anima,146,"Fé, Ciência e Tradição",Pe. André Luiz Rodrigues,,https://youtu.be/bRZOvxsZ4hU
Anima,147,Segredos do direito canônico e da vida pastoral,Pe.  Demétrio Gomes,,https://youtu.be/DvZdYF6fxIg
Anima,148,A fé transformou o luto em força até para perdoar,Ju Gava,,https://youtu.be/TfgcfInqBhA
Anima,149,Descobri a verdade na igreja Católica,Dr. Saulo Barbosa,,https://youtu.be/0r2w72v09bA
Anima,150,"Sexo, filhos e muito mais",Dra. Roberta Castro,,https://youtu.be/3IU7fB7BVlQ
Anima,151,Casas frias e vazias fazem parte de um plano,Rafa e Alex Brasileiro,,https://youtu.be/IfhrF2Km7q0
Anima,152,2ª virgindade? O que é isso?,Andrea Biselli,,https://youtu.be/4Hon4ZWVe7U
Anima,153,Os três níveis da liberdade,Maria Nazaré Lins Barbosa,,https://youtu.be/o0GmEWlirck
Anima,154,De menino pobre a sacerdote que atrai os jovens,Pe. Tony Moreira,,https://youtu.be/Zvtj-MppDI4
Anima,155,Canções que curam,Aline Brasil,,https://youtu.be/SR6hK-glRMY
Anima,156,Como se preparar bem para o casamento,André e Karina Parreira,,https://youtu.be/sfEqVOROzH4
Anima,157,O que não te contaram sobre finanças,Matheus Machado,,https://youtu.be/cFg7fO0oFHY
Anima,158,Católico pode ser supersticioso?,Flávio Andrade,,https://youtu.be/5GxfNVGbecg
Anima,159,Das redes de vôlei para as redes de pesca,Amábile Tereza Koester,,https://youtu.be/gDOiBDbxqQU
Anima,160,Meu pai morreu 3 vezes!,João Brother,,https://youtu.be/yEQIFbbu76Y
Anima,161,Querer é poder?,José Neto,,https://youtu.be/THWzAIX7JDo
Anima,162,A história que você não aprende na escola,Edmilson Cruz,,https://youtu.be/FxsWVO9Ev0I
Anima,163,O verdadeiro significado do natal,Rafael Brito,,https://youtu.be/JpV4Hbv6BBU
Anima,164,Retrospectiva 2024: Momentos marcantes da Anima!,"Kenya, Berthaldo, Diogo e Vanessa",,https://youtu.be/Kf5qRt_jKd0
Anima,165,"O segredo da liderança, carreira e família bem-sucedida",Eduardo Martins,,https://youtu.be/FEnlK0XVXi4
Anima,166,Ansiedade e fé,Mateus Simon,,https://youtu.be/dvSCpY09bvQ
Anima,167,A crise e a esperança,Pe. Leandro Rasera,,https://youtu.be/xINB0dCaQ1E
Anima,168,Oficina do Diabo,Brasil Paralelo ( Filipe Valerim e Henrique Viana ),,https://youtu.be/lwusZO3QioA
Anima,169,Especialista na Bíblia fala toda a verdade,João Cláudio Rufino,,https://youtu.be/cHNXQRDei2E
Anima,170,A Cidade Fundada Por Nossa Senhora,Pe. Leandro Rêgo,,https://youtu.be/jwX4_13gCoM
Anima,171,Amor que supera tudo,Camila e Felipe Oliveira,,https://youtu.be/VY3P7B7Zvzg
Anima,172,Comunicação que Transforma Vidas,Pe. Evandro Lima,,https://youtu.be/Xx9SeIM_ndk
Anima,173,A missão da Associação Guadalupe,Associação Guadalupe ( Mariangela Consoli),,https://youtu.be/P59pacYN4Ek
Anima,174,O Rosário que movimenta multidões,Instituto Hesed,,https://youtu.be/1ZJMDd2RdF8
Anima,175,Do leito da morte à praia no mesmo dia,Raquel Carpenter,,https://youtu.be/Jh5_3kro1n8
Anima,176,Desvendando os temperamentos,Ronaldo Amorim,,https://youtu.be/zZCATTT1_FQ
Anima,177,A fé é uma virtude da inteligência,Roberto Mallet,,https://youtu.be/siu-WZJP3bo
Anima,178,A judia que virou Santa!,Magna Rocha,,https://youtu.be/bdViCk6HWXs
Anima,179,Contra a inveja faça isso!,Irmã Zélia,,https://youtu.be/C9-mGhGrGz4
Anima,180,Eu era espírita mas isso me fez mudar,Dr. Rodrigo Astolfi,,https://youtu.be/uSYcqIXdxrA
Anima,181,Melhores momentos: Anjos,Rafael Brito,,https://youtu.be/2HnGh6PAVy0
Anima,182,Melhores Momentos:Musical,,,https://youtu.be/_XLN39QnGvU
Anima,183,O que queres com isso?,Pe. Antônio Maria,,https://youtu.be/NR6jwtnWvzE
Anima,184,Os benefícios do Ano Jubilar para Sua Vida,Frei Juan Manuel,,https://youtu.be/CP2pa0EcHao
Anima,185,Do crime para a cruz,Wellington Perciliano,,https://youtu.be/WjN636Ih0VU
Anima,186,O que acontece em um EXORCISMO?,Frei Juan Antônio,,https://youtu.be/b6esSkOW0us
Anima,187,O Segredo para um Casamento Feliz e Duradouro,Carol Tizziani,,https://youtu.be/nUVDZD9rNiA
Anima,188,"Melhores momentos: Samia Masili, Ítalo Masili e João Menna",,,https://youtu.be/C01kyuMPoxw
Anima,189,TOC Religioso e Escrúpulos – Como se libertar,Diego Costa,,https://youtu.be/M21Sf56eikk
Anima,190,Fátima: Polêmicas e curiosidades reveladas,Padre Cabecinhas e Marco Daniel Duarte,,https://youtu.be/pIHcdS-Ozw4
Anima,191,Série “Adolescência” - Sinais de alerta para os pais,Dra. Elizabete Possidente,,https://youtu.be/_M4ZRsZZc4s
Anima,192,ARQUEOLOGIA BÍBLICA revela ERROS da Reforma Protestante,Ariel Lazari,,https://youtu.be/BGhJGzfqam4
Anima,193,O Segredo do Posicionamento que Transforma Vidas,Willian Celso,,https://youtu.be/1tDkwhh_Ogw
Anima,194,Narcisismo: O Mal Que Destrói Relacionamentos,Elizabeth Pimentel,,https://youtu.be/3PNdI4wcG-w
Anima,195,A Filosofia que as Universidades não ensinam,Renato Moraes,,https://youtu.be/McC0-PowZz4
Anima,196,O que você precisa saber sobre INTELIGÊNCIA ARTIFICIAL,,,https://youtu.be/Ysjmhr24yeA
Anima,197,A Verdade Sobre a FERTILIDADE MASCULINA que Ninguém Conta,Dr. Diogo Wink,,https://youtu.be/od8FYbS0ufI
Anima,198,O Futuro da Igreja Católica: Decisões Cruciais no Conclave de 2025,Monsenhor Sérgio,,https://youtu.be/RrNxoPUYAXc
Anima,199,O PODER da Oração de Mães que TRANSFORMA FILHOS,Angela Abdo,,https://youtu.be/mD6KPc7yP68
Anima,200,“Café com teu pai”: O que as MULHERES PRECISAM SABER sobre os homens,Breno Faria,,https://youtu.be/upsXFz4JiOc
Anima,201,Os Segredos da Santidade: Descubra o Caminho para Ser Santo Hoje,,,https://youtu.be/aatnVaXe4Jc
Anima,202,Delegado revela a HABILIDADE MAIS IMPORTANTE Para o SUCESSO,Vitor Becker,,https://youtu.be/CScKu0D7I-s
Anima,203,Como construir uma MARCA DE SUCESSO,Renato Villarinho,,https://youtu.be/DspcI533UaA
Anima,204,Música e Propósito: Como o Piano Rock inspira através da arte,Glaucio e Tay Cristelo,,https://youtu.be/kjXTDqY_91M
Anima,205,A febre dos BEBÊS REBORN e os desafios da maternidade moderna,Simone Fuzaro,,https://youtu.be/sBnnhMYuL20
Anima,206,Como a IA vai transformar sua vida e seu trabalho,Ramon Palomo,,https://youtu.be/w0aQlgRtrOg
Anima,207,Fé e Dinheiro: Descubra o que te impede de prosperar,Marcelo Malta,,https://youtu.be/M9uD2J8gH_0
Anima,208,Da Destruição à Reconstrução: Como Superar o Vício,João Blota,,https://youtu.be/8ypvOIu8sq4
Anima,209,Como Proteger Seus Filhos dos Perigos Ocultos da Internet,Bel Martins,,https://youtu.be/M-TlQaeuwYc
Anima,210,A Música Que Está Revolucionando a Adoração Católica,Herrison Pontes e Jessica Dias,,https://youtu.be/kEwArRzu6vQ
Anima,211,Como a MÚSICA que Você Ouve Molda Sua Vida e sua Mente,Alvaro Siviero,,https://youtu.be/8F4dA0MzLHE
Anima,212,Os segredos de um CASAMENTO FELIZ,Kenya Camerotte e Berthaldo Soares,,https://youtu.be/NCwn2ChWqe0
Anima,213,CENTRO DOM BOSCO vs. Arquidiocese do Rio: Entenda a Polêmica,Pedro Affonseca,,https://youtu.be/IpU7stKF4AE
Anima,214,Segredos da Mente Feminina Que Todo Homem Precisa Saber,Mari Vabo,,https://youtu.be/67Kfkz8d_HI
Anima,215,Fé e Medicina: O caminho que Transforma Vidas no Combate ao Câncer,Dr Daniel Buttros,,https://youtu.be/Dw_tIh4ZBtw
Anima,216,De Jovem Rebelde a Evangelizador Católico na Internet,Alam Carrion,,https://youtu.be/90Ti41Kikmk
Anima,217,Estratégias INOVADORAS Para Atrair Mais Fiéis Pela Internet,Guilherme Cadoiss,,https://youtu.be/ICmfpPS_1yI
Anima,218,Como Transformar o VAZIO EXISTENCIAL em Propósito de Vida,Luis Enrique Carmelo,,https://youtu.be/e9OMSLJBvSE
Anima,219,O segredo para EMAGRECER e vencer a compulsão,Isa Latuf Jardim,,https://youtu.be/80M2-epM2-E
Anima,220,Histórias de Santos Que Transformam Vidas,Luciano Bandeira,,https://youtu.be/1et5n81WNZk
Anima,221,O que toda mulher precisa saber sobre MENOPAUSA,Dr. Diogo Viana,,https://youtu.be/1UrrzhjXxc4
Anima,222,Músico Revela Experiências Reais com Possessão Demoníaca,Danilo Lopes,,https://youtu.be/PaOlD-oMbd0
Anima,223,INDULGÊNCIA: O segredo para acelerar sua chegada ao céu,Pe. Renato Teixeira,,https://youtu.be/JmSQRMpqWjg
Anima,224,Divórcio na Igreja? Entenda como funciona a Nulidade Matrimonial,Pe. Alex Nogueira,,https://youtu.be/QkSNKLt79Js
Anima,225,O que ninguém te conta sobre o mercado digital,Ítalo Marsili,,https://youtu.be/gJjZvbFBass
Anima,226,Ele foi ateu e descobriu que Deus EXISTE,Gabriel Kanner,,https://youtu.be/d7l24KP1_Ok
Anima,227,Ele era líder PROTESTANTE e se tornou Frei CATÓLICO,Frei Angelo Faitanin,,https://youtu.be/PH5mzWC9M1A
Anima,228,De roqueiro a missionário: A INCRÍVEL história de Tony Allysson,Tony Allysson,,https://youtu.be/f17aAhp76aQ
Anima,229,O que o SANTO SUDÁRIO revela sobre a crucificação de Jesus?,Vera Tostes,,https://youtu.be/Wxzi8a2WhGI
Anima,230,O que não te contaram sobre a realidade das mulheres no Irã,Mahsima Nadim,,https://youtu.be/sQNcblHlRNE
Anima,231,O Perigo da ARTE sem ALMA: Quando a beleza se desconecta do Divino,Paulo Frade,,https://youtu.be/AiYmdLGtOzs
Anima,232,Música que toca a alma: O poder de uma composição divina,Alex Cohen,,https://youtu.be/7QB_Edaxla0
Anima,233,Segredos práticos para salvar seu casamento,Yasmin Fleming,,https://youtu.be/6UzvbhpWOl8
Anima,234,Como a Graça de Deus age nos RELACIONAMENTOS,José Roberto e Maria Carolina Mello Porto,,https://youtu.be/AcS0JtEP1Ic
Anima,235,"O que não te contaram sobre Autismo, TDAH e Superdotação",Dr. Thiago Castro,,https://youtu.be/7qDyO0PtR2k
Anima,236,Para que serve o INCENSO? Descubra por que ele transforma sua oração!,Martinho Rocha,,https://youtu.be/oepkIOL5YXE
Anima,237,"Vocação, Fama e Anonimato: O padre que viralizou nas redes",Pe. Jefferson Merighetti,,https://youtu.be/ejbuMr9sExQ
Anima,238,O SEGREDO de CARLO ACUTIS para a santidade,Pe. Fabio Vieira,,https://youtu.be/SbtdzZr-COo
Anima,239,A mentalidade do empresário que desafiou o sistema e criou um império,Tallis Gomes,,https://youtu.be/79lRxfQ_-bQ
Anima,240,TRATAMENTO de TDAH: Por que apenas remédio NÃO funciona,Dr. Raphael Rangel,,https://youtu.be/VjIGGw3NPZA
Anima,241,Como alcançar MILAGRES através de Santa Rita de Cássia,Céci Portugal e Filipe Santos,,https://youtu.be/GAUySehdQzc
Anima,242,Descubra SEGREDOS escondidos nos Santuários Marianos,Kenya e Berthaldo,,https://youtu.be/vULBGcoE_sE
Anima,243,DO INFERNO AO CÉU: A Reviravolta INACREDITÁVEL da Grávida de Taubaté,Maria Verônica,,https://youtu.be/mdFW-1yQFBM
Anima,244,APOCALIPSE: O que você PRECISA saber sobre o fim dos tempos,Lucas Gelasio,,https://youtu.be/0xhJLxyZ4k4
Anima,245,Como realizar os PLANOS DE DEUS na SUA VIDA,Matheus Machado,,https://youtu.be/qNNjTcVK4ac
Anima,246,A HISTÓRIA REAL da mulher que VIVEU SÓ DA EUCARISTIA por 64 anos,Dr. Cláudio Bomtempo,,https://youtu.be/M9ea_aSvUVE
Anima,247,O SEGREDO para retomar o controle da sua vida e ter PAZ INTERIOR,Esther Biselli,,https://youtu.be/EAn00k33IjI
Anima,248,Conheça a história do EX-PASTOR protestante que virou CATÓLICO,Altamir Gomes,,https://youtu.be/9ehvMBwHqU0
Anima,249,O que católicos DEVEM FAZER após o novo documento do Vaticano,Pe. Francisco Amaral,,https://youtu.be/O6pkvuXUuwk
Anima,250,A Batalha Espiritual e a Consagração do Brasil a São Miguel,Pe. Márcio Almeida,,https://youtu.be/CctgGtOmdSI
Anima,251,O cantor coreano que deixou o ateísmo e virou fenômeno Católico no Brasil,Junho Chu,,https://youtu.be/4SkFPqKyFI4
Anima,252,APARIÇÃO DE CIMBRES e as PROFECIAS de Nossa Senhora para o Brasil,Ione Paiva,,https://youtu.be/yuVIJxy9EX8
Anima,253,"ANSIEDADE, DEPRESSÃO E FÉ: Como encontrar sentido no mundo de hoje?",Pedrinho Salomão,,https://youtu.be/Kr1BWS55NrM
Anima,254,Santa Teresinha e sinais do céu: a jornada da atriz Paloma Bernardi na fé católica,,,https://youtu.be/p76WnRONF94
Anima,255,Como sua APARÊNCIA impacta seu SUCESSO profissional e financeiro,Alexandra Bastos,,https://youtu.be/xEQsjwoCIKc
Anima,256,Descubra por que ser bonzinho pode destruir sua vida espiritual,Pedro Augusto,,https://youtu.be/4NInLStrVKM
Anima,257,Entenda por que muitos católicos esfriam na fé,Thiago Dutra (Exército de Maria),,https://youtu.be/ITA_aYs_4pw
Anima,258,INEXPLICÁVEL: O MILAGRE que virou filme na Netflix,Marcus e Yanna Varandas,,https://youtu.be/5IvvhGzAX3k
Anima,259,O que NÃO TE CONTARAM sobre o nascimento de Jesus,Alvaro Siviero e Sérgio Resende,,https://youtu.be/7EeH8OGv650
Anima,260,Especial de Ano Novo: Lições para um 2026 incrível,"Kenya, Berthaldo, Diogo e Vanessa",,https://youtu.be/455n0bv-y1I
Anima,261,O que NÃO TE CONTARAM sobre Santo Agostinho,Joel Gracioso,,https://youtu.be/EanZjNe4c_8
Anima,262,Entenda o fato histórico que DERRUBA a base do PROTESTANTISMO,Filipe Santos,,https://youtu.be/z1k7PgBJieU
Anima,263,Saia da SOLTEIRICE: O SEGREDO para encontrar o HOMEM DA SUA VIDA,Joyce Pessanha,,https://youtu.be/iUJMdwKck-s
Anima,264,CASAMENTO CATÓLICO: Tudo que você precisa saber sobre a cerimônia,Simone Medeiros,,https://youtu.be/ELgn6jdGA_I
Anima,265,POLÍTICA X FÉ: O testemunho de um CANDIDATO CATÓLICO,João Fernandes,,https://youtu.be/HpdTF58pKdQ
Anima,266,"Teologia, História e Relacionamentos: Como ter um CASAMENTO FELIZ",João Nara,,https://youtu.be/RhLgbGKbPIg
Anima,267,Conheça o método para se alimentar melhor sem perder tempo na cozinha,Jeisa Tartari,,https://youtu.be/wI9Ah30HSjE
Anima,268,Anima e Santo Flow juntos pela primeira vez!,Guto Azevedo e Zulene Parente,,https://youtu.be/ExBjsGe5h0Q
Anima,269,Conheça o PADRE que está CONVERTENDO JOVENS através do VIDEOGAME,Pe. Edson Ribeiro,,https://youtu.be/Mr3Nc19rDxI
Anima,270,O que não te contaram sobre ALTA PERFORMANCE,Giovane Gávio,,https://youtu.be/aXIAodKQZ9c
Anima,271,O Segredo de quem tem SUCESSO NO AMOR,Jota Borgonhoni,,https://youtu.be/c3omJvDh4U8
Anima,272,POLILAMININA: O caminho para o FIM DA PARALISIA?,Tatiana Sampaio e Dr. Bruno Cortes,,https://youtu.be/E3YxdXzfEQU
Anima,273,A medicina de SANTA HILDEGARDA,Rosa Maria Sartori Guerra e Pe. Alan Rodrigues,,https://youtu.be/V3ocn3mCuzI
Anima,274,Conheça a incrível história do Padre Adriano Zandoná,Padre Adriano Zandoná,,https://youtu.be/ybDT8ruB-YQ
Anima,275,Por que os homens PRECISAM se consagrar a São José?,Diácono  Leo Dominus,,https://youtu.be/ufKKgRg1BXw
Anima,277,"A rotina que te ajuda a vencer ANSIEDADE, PROCRASTINAÇÃO e PERFECCIONISMO",Maria Maia,,https://youtu.be/ISO4QeUkRzY
Anima,279,Os bastidores do FILME sobre GUIDO Schaffer,Jayme Monjardim e Suzana Castelo,,https://youtu.be/vYHKu4Dei50
Anima,280,ARQUITETURA E VIDA FAMILIAR: Como transformar sua casa em lar,Alex e Rafa Brasileiro,,https://youtu.be/rBblc551x5w
Anima,281,O que acontece em uma oração de LIBERTAÇÃO,Diácono Nilzo,,https://youtu.be/d3ZyNr_Wrco
Anima,282,ICONOGRAFIA CATÓLICA: Transformando símbolos teológicos em arte sacra,Rafael Zucato,,https://youtu.be/_EC426VlyQM
Anima,283,Conheça o testemunho de FÉ e RESILIÊNCIA de Paula Guimarães,Paula Guimarães,,https://youtu.be/xABsGOShb7I
Anima,284,Frei Galvão: Tudo sobre o primeiro SANTO BRASILEIRO,Frei Leandro Costa,,https://youtu.be/-NeFv9CSTGI
Anima,285,A entrevista que a mídia não quer que você veja!,Berthaldo e convidados!,,https://youtu.be/eL1mR5kQ_RY
Anima,286,"Conheça o sanfoneiro que viralizou com ""forró católico""",William Sanfona,,https://youtu.be/-2lJ3DEgtXY
Anima,287,De Engenheiro Civil da USP a Padre do Opus Dei,Pe. Paulo Ramalho,,https://youtu.be/e352PT89Sts
Anima,288,PADRE EXORCISTA: A última coisa que o demônio quer é um exorcismo,Pe. Iágaro Domingos,,https://youtu.be/4Y0g6KV97v8
Anima,289,A conversão de Eugênio Jorge,Eugênio Jorge,,https://youtu.be/_NGO89J_NJA
Anima,290,Como o Rosário transformou um filme e muitas vidas,Tiago Benetti e Alexandre Machafer,,https://youtu.be/85quCMuLk20
Anima,291,Deus tem um plano de vida para você!,Pedro Siqueira!,,https://youtu.be/Dr2QbOlAhnM
Anima,292,Católico x Protestante: Quem está mais perto da Igreja Primitiva?,Ariel Lazari,,https://youtu.be/GTfnuvk6T6Y
Anima,293,Conheça o testemunho de fé emocionante de Maria Clara e Enrico Misasi,,,https://youtu.be/rZMVPQWTs1Y
Anima,294,ExpoCatólica: Tudo sobre a MAIOR FEIRA CATÓLICA do mundo,Kiara Castro,,https://youtu.be/wQR2MOpRfyw
Anima,295,Do Sertanejo Universitário para a Música Católica,Alvaro e Daniel,,https://youtu.be/CEqb_o9HDYU
Anima,296,Conheça a dupla que transforma pregações em músicas virais,Vivy e Nathan,,https://youtu.be/yu39DMxNrgs
Anima,297,Conheça o Bispo que esteve com Irmã Lúcia e Papa João Paulo II,Dom Virgílio Antunes,,https://youtu.be/5uoL6_vo1Zs
Anima,298,"MENOPAUSA, CLIMATÉRIO e REPOSIÇÃO HORMONAL: O que você precisa saber",Dr. André Vinícius,,https://youtu.be/MjxIqTW24uA
Anima,299,Ela deixou a homossexualidade e se tornou missionária católica,Kakau Silva,,https://youtu.be/iLqQFWjPA-4
Anima,300,Magnifica Humanitas: Entenda a primeira Encíclica do Papa Leão XIV,Rafael Medeiros,,https://youtu.be/Zi9ejxMGXlw
Anima,301,"Fé, Família e Providência Divina: A história inspiradora de Glória Severiano Ribeiro",,,https://youtu.be/7LnuB75ule8
Anima,302,DO LUTO À LUZ: Como sobreviver à dor sem perder a fé,Ricardo Benvenhu,,https://youtu.be/xIDHkIW78tw
Anima,303,Educação Afetiva e Sexual: Como orientar bem os filhos,Andyara Nóbrega,,https://youtu.be/89k4YR68vnY
Anima,304,Tudo sobre as aparições de Nossa Senhora nas Américas,Padre Francisco Amaral,,https://youtu.be/o4TOjTP4JPg
Anima,305,Fé e Superação: O testemunho que emocionou o Papa,Clara e Thomaz Magalhães,,https://youtu.be/FvLqzWQTwFg
Anima,306,Como construir um NEGÓCIO sem abrir mão dos VALORES CRISTÃOS,Raiane Batista,,https://youtu.be/97LIb3yLMyc
Anima,307,A nova ordem mundial: você está preparado?,Pe. Pablo Henrique,,https://youtu.be/IRE-Sev2iag
Anima,308,"Deus, Pátria e Família: A Trajetória de Eduarda Campopiano",Eduarda Campopiano,,https://youtu.be/94o5D8Mxmzk
Anima,308,Futura santa brasileira? Conheça a história de Duda Nogueira,Octacilia Nogueira,,https://youtu.be/cvqtlsDDZhw
Anima,310,A face da Política que você nunca viu,Enrico Misasi e Reinaldo Alguz,,https://youtu.be/KA2qHxslfPE
Anima,311,Do palco do SuperStar à missão de evangelizar através do forró,Felipe Alcântara,,https://youtu.be/wxS42sVAgOU
Anima,312,Por que a Igreja fala de dinheiro e de robôs?,Pe. Christian Mendoza,,https://youtu.be/_jgVHEkFtA8
Anima,313,O filme do Sagrado Coração que levou 500 mil aos cinemas,Sabrina e Steven J. Gunnell,,https://youtu.be/Ua1IO2Oi4VY
Anima,314,Você sabia que o primeiro Papa da história da Igreja era casado?,João Malheiro,,https://youtu.be/5XrK5TauITc
Anima,315,"Quem é Leonardo Polo, o filósofo de São José Maria Escrivá?",Juan Fernando Sellés,,https://youtu.be/78zDviYPVEk
Anima,316,Por que 70% dos cristãos que entram na universidade saem sem ter fé?,Júlia de Castro,,https://youtu.be/7wjRW-ci8qs
Anima,317,Ela era a única mulher entre 52 policiais,Martha Rocha,,https://youtu.be/AaZiK2mBg6Q
Anima,318,A igreja cabe 250 pessoas e faz 14 mil confissões por mês,Pe. Cássio,,https://youtu.be/h57IUu7AGyM
Anima,319,"Fé, família, escola e trabalho: o método do Grupo Hirota",Francisco Hirota,,https://youtu.be/WQeHcBRb-H0
Anima,320,Mais de 20 impostos em 4 anos: a ex-presidente da Caixa faz a conta,Daniella Marques,,https://youtu.be/E0anEGn2dEM
Anima,321,"No Rio, a tornozeleira do agressor de mulher vai ser rosa",Fred Pacheco,estreia agendada,https://youtu.be/EDbNwDW-JQc
Anima,322,Uma alma alimentada tem menos fome,Dr. Bruno Montese,estreia agendada,https://youtu.be/VK0PYFNvni8
Anima,323,A rosa que ela pediu a Santa Teresinha chegou pelo WhatsApp,Lara Morais Nogueira,estreia agendada,https://youtu.be/z-ZQ8Q-pIZ0
Anima,324,O que aparece nos olhos de Nossa Senhora de Guadalupe?,Denise Coelho,estreia agendada,https://youtu.be/A6dD8v-_3Dg
Anima Saúde,2,Vida corrida X saúde mental: existe um equilíbrio?,Dra. Ana Beatriz Barbosa,,https://youtu.be/MO3rG5BBGH8
Anima Saúde,3,Como eu fiz para não desistir da maternidade?,Dra. Talita Melo,,https://youtu.be/c_ea3-0Uwxo
Anima Saúde,4,TDAH da infância à vida adulta,Dr. Raphael Rangel,,https://youtu.be/DjPJYJFkepc
Anima Saúde,5,Como aliviar cólicas e refluxos do seu bebê?,Dr. José Eduardo,,https://youtu.be/1nafprfEnuA
Anima Saúde,6,É doença ou só falta de ferro?,Dra. Tuane Villela,,https://youtu.be/BIOxZ_ZkYHU
Anima Saúde,7,Identifique um sinal de alerta para o autismo!,Dra. Angélica Ávila,,https://youtu.be/Ql8gTuVdhDk
Anima Saúde,8,Por que as pessoas estão TÃO ansiosas?,Dr. Bruno Lamoglia,,https://youtu.be/ex-bbOYrNmY
Anima Saúde,9,Medicina com propósito desde a faculdade!,Gil Gabriel,,https://youtu.be/aZBBR1B-S-U
Anima Saúde,10,Como aliviar dores crônicas,Dr. Leonardo Avila,,https://youtu.be/OUXBPXvWKpE
Anima Saúde,11,Análise facial e os 4 temperamentos!,Dra. Clarissa Caramez,,https://youtu.be/Iut9R3VPjbI
Anima Saúde,12,Como criar e educar crianças autistas,Dra. Mariana Vilas Boas,,https://youtu.be/K5YHndQPkNs
Anima Saúde,13,Nutri e Mestre em Ciências fala a Verdade sobre Emagrecimento!,Dra. Tamiris Rachid,,https://youtu.be/tSR6v05_DEs
Anima Saúde,14,Especialista em Bioética fala sobre concepção e fertilidade,Pâmela Schitine,,https://youtu.be/4CNFTmkOqeE
Anima Saúde,15,A batalha diária da dor crônica,Dra. Flávia Nascimento,,https://youtu.be/OHGcc5-DRpU
Anima Saúde,16,Medicina e espiritualidade,Dr. Bruno Farnetano,,https://youtu.be/wZPNFANzgsI
Anima Saúde,17,Como os hormônios afetam seu comportamento,Dr. Diogo Viana,,https://youtu.be/03i7XWQSx74
Anima Saúde,18,Diástase abdominal: como identificar e tratar,Cris Alberti,,https://youtu.be/bzvtsxcB2N4
Anima Saúde,19,Como aumentar a fertilidade de forma natural,Dr. Eduardo Honorato,,https://youtu.be/NemdB5yDfO4
Anima Saúde,20,Psicóloga conta toda a verdade sobre a maternidade,Dra. Bianca Quevedo,,https://youtu.be/NTvwq18J82M
Anima Saúde,21,"Saúde Pélvica: Disfunções, Terapias e Cuidados",Dra. Michelle Paixão,,https://youtu.be/9OhtwcpKhqY
Anima Saúde,22,Sabedoria de Santa Hildegarda para a sua saúde,Dra. Priscila Antunes,,https://youtu.be/gOBVOrjqcW8
Anima Saúde,23,Desfralde tardio e doenças: saiba a relação,Aureanne Villacorta,,https://youtu.be/4viMm6EdCSE
Anima Saúde,24,Saiba tudo sobre fertilidade natural,Filipe Duarte,,https://youtu.be/N4ypltLGvm4
Anima Saúde,25,"Saiba tudo sobre esteatose hepática, a gordura no fígado",Anderson Brito,,https://youtu.be/-cOwNX9wwYI
Anima Saúde,26,O impacto  das doenças inflamatórias intestinais na sua saúde,Roberta Rigueira,,https://youtu.be/oVaMeIEwZcw
Anima Saúde,27,Descomplique seu consultório,Clara Morena,,https://youtu.be/S9MO3CZQLtc
Anima Saúde,28,Entenda o poder dos hormônios para a saúde feminina,Dr. Leonardo Jacobsen,,https://youtu.be/bKIaVqstvRs
Anima Saúde,29,Reflexões médicas sobre o valor da vida humana,Dra. Carolina Delage,,https://youtu.be/UlOHMw676s0
Anima Saúde,30,A infertilidade também é desafio emocional,Felipe Magalhães,,https://youtu.be/jvuTq8hytR8
Anima Saúde,31,Prevenção e cura: Tudo sobre câncer de pele,Caroline Brandão,,https://youtu.be/GPRtg_kwVZk
Anima Saúde,32,Como dormir bem pode transformar sua vida,Dra. Isabel Braga,,https://youtu.be/tvj54udXdzc
Anima Saúde,33,Aprenda sobre a saúde do seu coração,Dr. Rodrigo Reis,,https://youtu.be/3UieliKQi90
Anima Saúde,34,Os problemas de saúde mental que seu filho pode ter,Dr. Marcelo Masruha,,https://youtu.be/V4-mUPCkQZQ
Anima Saúde,35,Enxergue o futuro: Cuide bem dos seus olhos,Dr.  Leonardo Fontana,,https://youtu.be/OtKur3NXcuA
Anima Saúde,36,Saúde Respiratória,Dr.  Renato Azambuja,,https://youtu.be/4AD-aQZhzW4
Anima Saúde,37,A Doença de Alzheimer,Dr. Henrique Cal,,https://youtu.be/NSuZ5pkcNoY
Anima Saúde,38,Saúde Infantil,Dra. Ana Carolina Goulart,,https://youtu.be/IsbQ-eWGqzg
Anima Saúde,39,Superando a depressão,Dr. Dario Leitão,,https://youtu.be/DNJoE3Hkghk
Anima Saúde,40,Alimentação e temperamentos,Drª Carol Barros,,https://youtu.be/fEO-0upusZo
Anima Saúde,41,O Impacto da cirurgia de endometriose na dor e na fertilidade,Dr. Lucas Vinhas,,https://youtu.be/oypPw2mzMQM
Anima Saúde,42,Síndrome de Burnout,Drª. Paula Campozan,,https://youtu.be/0NKwFQhp52s
Anima Saúde,43,Suas veias podem estar em risco!,Drª. Carina Brandão,,https://youtu.be/NKNN4XZsHE8
Anima Saúde,44,Ultrassom na gravidez: quando e por quê?,Dr. Heron Werner,,https://youtu.be/dz8NPQAx2kY
Anima Saúde,72,O que ninguém te contou sobre o LIPEDEMA,Drª Georgia Dorigon,,https://youtu.be/WU4bCHMVpm4
Anima Saúde,73,A Rota da FERTILIDADE: Como preparar seu corpo para ENGRAVIDAR,Moniele Cunha,,https://youtu.be/poqREYKg0Oo
Anima Saúde,74,O segredo para parar de ir à emergência com seu filho,Drª Renata Fróes,,https://youtu.be/m0-luCqnDHI
Anima Saúde,75,SAÚDE dos OLHOS: Como PRESERVAR sua visão,Dr. João Paulo Lomelino,,https://youtu.be/9vn92mLV9QY
Anima Saúde,76,Virtude da ORDEM: A Chave para ter uma VIDA SAUDÁVEL e FELIZ,João Malheiro,,https://youtu.be/jDMZSktGsII
Anima Saúde,77,AUTISMO e TDAH: O segredo da neurodivergência que a escola não vê,Carolina Scarabucci,,https://youtu.be/9NASsAZudM8
Anima Saúde,78,NUTRIÇÃO ONCOLÓGICA: Alimentos que ajudam a VENCER o CÂNCER,Paula Pratti,,https://youtu.be/-0YbUDGjs-0
Anima Saúde,79,Além da doença mental: o sofrimento existencial por trás do suicídio,Thiago Andrade,,https://youtu.be/WX2MaWVMOB8
Anima Saúde,80,O FIM DO METABOLISMO LENTO: O que NÃO TE CONTARAM sobre seu corpo,Dra. Flavia Verocai,,https://youtu.be/-Lk3417I2CM
Anima Saúde,81,"O Segredo do ""Super Sono"" Reparador",Dr. Gleison Guimarães,,https://youtu.be/-pO1vLrBOVc
Anima Saúde,83,SEGREDOS DA FERTILIDADE: Como engravidar tendo DOENÇA AUTOIMUNE,Dra. Carolina Meireles,,https://youtu.be/jf0KhTqo1sY
Anima Saúde,84,Como preparar sua casa para o Natal,Ana Luisa Rego Macedo,,https://youtu.be/mRoSuyWs7OQ
Anima Saúde,85,Descubra o que suas UNHAS dizem sobre SUA SAÚDE,Dr. Miguel Ceccarelli,,https://youtu.be/4ApDYi8vByw
Anima Saúde,86,"Guia do VITILIGO: Causas, Mitos e Tratamentos que Funcionam",Dr. Paulo Luzio,,https://youtu.be/490bxOEmmvc
Anima Saúde,87,EMAGRECIMENTO Definitivo: O SEGREDO para acabar com o efeito sanfona,Dr. Luis Trocado,,https://youtu.be/V-XlAv90XdM
Anima Saúde,88,SONO RUIM na INFÂNCIA: As CONSEQUÊNCIAS que ninguém te conta,Dra. Larissa Abreu,,https://youtu.be/2VGAFbSyEMI
Anima Saúde,89,EPIDEMIA DE AUTISMO? A Verdade sobre o aumento de casos,Dra. Tielle Machado,,https://youtu.be/m3qu6J4cK7E
Anima Saúde,90,O Guia para conquistar a PELE DOS SONHOS,Dra. Larissa Botelho,,https://youtu.be/J0u3MBhW4Hc
Anima Saúde,91,Seu filho vive doente? 3 Sinais de que ele pode estar inflamado,Dra. Nathalia Vianna,,https://youtu.be/9lgdH_iHy2c
Anima Saúde,92,5 Sinais de alerta no DESENVOLVIMENTO DA FALA,Dra. Mariana de Oliveira,,https://youtu.be/OB-WmP_38Rg
Anima Saúde,93,ESCOLIOSE: Tudo o que você precisa saber,Dr. Pedro Paschoal,,https://youtu.be/FKX6rR9FyTE
Anima Saúde,94,SAÚDE da MULHER: O que não te contaram sobre hormônios e emoções,Dra. Juliana Neves,,https://youtu.be/I3QOhZFNIRE
Anima Saúde,95,Câncer de Mama: O que não te contaram,Dra. Marcela Nardi,,https://youtu.be/d9BQAqCd1q0
Anima Saúde,96,O FIM DOS EXAGEROS: A nova era da cirurgia plástica,Casal Plástica,,https://youtu.be/UXcCV2QPW2Q
Anima Saúde,97,FALSO NORMAL: O Laudo de Ultrassom que te Impede de Engravidar,Dra. Clariana Maurente,,https://youtu.be/mA_BIqwURDY
Anima Saúde,98,QUEDA DE CABELO: As causas que ninguém te conta,Dra. Graça Tavares,,https://youtu.be/c86k7ixe7ss
Anima Saúde,99,Labirintite ou tontura? O erro comum que quase todo mundo comete,Dr. Fernando Goslin,,https://youtu.be/tdq6ZqwaTw8
Anima Saúde,100,O que você precisa saber sobre BRUXISMO,Dra. Andrea Melo,,https://youtu.be/jgZBHQKEaew
Anima Saúde,101,"HERPES-ZÓSTER: O que é, como tratar e os segredos da prevenção",Dr. Murilo Drummond,,https://youtu.be/fOKZstvQ2d8
Anima Saúde,102,FERTILIDADE e HIDROTUBAÇÃO: o que você precisa saber,Dr. André Vaz,,https://youtu.be/xO7ua54kssg
Anima Saúde,103,Fertilidade e FÉ,Dra. Mariana Francoti,,https://youtu.be/JWDvPyVcXkg
Anima Saúde,104,JOANETE: O que seus pés revelam sobre sua saúde,Dr. José Carlos Cohen,,https://youtu.be/ShkyQfp0v4c
Anima Saúde,105,Como tratar corretamente a ENDOMETRIOSE?,Dr. Igor Chiminacio,,https://youtu.be/YOb6D04NeSg
Anima Saúde,106,O que não te contaram sobre HÉRNIA DE DISCO,Dr. Luiz Sola,,https://youtu.be/94pu0-LhWGA
Anima Saúde,107,ESCLEROSE MÚLTIPLA: Como diagnosticar e tratar a doença,Dr. Marcos Alvarenga,,https://youtu.be/W9bu8sclNAc
Anima Saúde,108,Rinoplastia: Como conseguir um resultado natural,Dr. Leandro Ventura,,https://youtu.be/2m5BV_F7he0
Anima Saúde,109,Intolerância à Histamina e Síndrome de Ativação Mastocitária,Sylvia Campos,,https://youtu.be/xSttcCbgnl8
Anima Saúde,110,Mente de Campeão: O Que Separa um Atleta Comum de um Ídolo Mundial?,Andréia Batista,,https://youtu.be/Gl8cVHi-d24
Anima Saúde,111,Neuromielite Óptica: Conheça DOENÇA GRAVE que destrói a VISÃO,Dra. Regina Alvarenga,,https://youtu.be/xbsxI0q6Vrc
Anima Saúde,112,Sexualidade e namoro na adolescência e seus impactos no corpo e na alma,Samia Marsili,,https://youtu.be/IYXrZpw6pKs
Anima Saúde,113,Tudo sobre clareamento e lentes de contato dental,Dr. Gustavo Bastos,,https://youtu.be/XcBu13PUU-w
Anima Saúde,114,Muito Além da Hemorróida: O Guia das Doenças Orificiais,Dra. Patrícia Arias,,https://youtu.be/9MSrqmtAfes
Anima Saúde,115,O Lado Oculto da FIV: O que não te contam,Dra. Melissa Abelha,,https://youtu.be/9AA2fxfLBGE
Anima Saúde,116,A importância do cuidado ginecológico na adolescência,Dra. Marcela Pires,,https://youtu.be/l32WAobgbWg
Anima Saúde,117,Qual é o segundo lugar da face onde mais aparece câncer de pele?,Dr. Marcelo Cury,,https://youtu.be/Xmh2EVB9oP4
Anima Saúde,117,"Compulsão alimentar, anorexia e canetas: quando comer vira sintoma",Dr. Higor Caldato,,https://youtu.be/r8uUqrJuadM
Anima Saúde,119,Câncer de intestino na família: quando fazer a colonoscopia?,Dr. Guilherme Ravanini,,https://youtu.be/lANEQAW78Dc
Anima Saúde,120,A solidão mata tanto quanto 15 cigarros por dia,Dr. Lucas Lameirão,,https://youtu.be/i8PDDdjwhWE
Anima Saúde,121,Cosmético coreano funciona mesmo na pele da brasileira?,Dra. Mariana Del Rei,,https://youtu.be/-_P_hMFbd9g
Anima Especial,1,O que você precisa saber sobre DISLEXIA,Felipe Ponce,,https://youtu.be/9bxF4_8Qyr8
Anima Especial,2,"Autismo Nível 2, Maternidade e Superação",Fernanda Fialho,,https://youtu.be/GNYYeyXQLSA
Anima Especial,3,Como diminuir os riscos de AUTISMO no bebê,Renata Lopes,,https://youtu.be/BSlG-O-ohZ8
Anima Especial,4,Como o cérebro com TDAH funciona,Alex Rocha,,https://youtu.be/3i3jjUkiMSU
Anima Especial,5,AUTISMO nas escolas brasileiras: O perigo da alfabetização precoce,João Lucas,,https://youtu.be/dgmgi4nrOAQ
Anima Especial,6,AUTISMO após os 18 anos,"Aline Kabarite, Ana Paula Pacheco e Guilherme Montenegro",,https://youtu.be/wlgw6ZUT8oY
Anima Especial,7,O que você precisa saber sobre MUTISMO SELETIVO,Natasha Ganem,,https://youtu.be/nwgBRODgZ4c
Anima Especial,8,MATERNIDADE ATÍPICA: Como aceitar o diagnóstico de AUTISMO,Andressa Du Costa,,https://youtu.be/I7dy9F2Beds
Anima Especial,9,Posicionamento Digital para Profissionais da Saúde,Camila Nardi,,https://youtu.be/lXhQIMzq6yw
Anima Especial,10,AUTISMO em mulheres: Por que é tão difícil diagnosticar?,Elizangila Leite,,https://youtu.be/bOHFBihZ9TQ
Anima Especial,11,SUPERDOTAÇÃO: A verdade que ninguém conta,Dra. Olzeni Ribeiro,,https://youtu.be/5wryP9sMybM
Anima com Você,1,Único caminho para restaurar o casamento,Kenya e Berthaldo,,https://youtu.be/E47rw-YonOg
Anima com Você,2,O que fazer quando o marido não muda?,Kenya e Berthaldo,,https://youtu.be/CmF8LQUVByo
Anima com Você,3,Mãe de seis filhos: é pecado evitar o sétimo?,Kenya e Berthaldo,,https://youtu.be/HFFwrG41Hz8
Anima com Você,4,Suzana é devota de quatro santos e falta à missa,Kenya e Berthaldo,,https://youtu.be/BRW1Yj9faGQ
