Ep;Título do episódio;Convidado;Status da thumb;YouTube (canal Saúde);YouTube (canal principal);Canva;Página Canva;Drive (ver);Download;Arquivo
#1;"Por que decidimos fazer o Anima Saúde? (sem ""Ep #"" no título, 28 min — provável #1)";Berthaldo e Kenya;Sem thumb;;https://youtu.be/P-NwfMu6-B8;;;;;
#2;Vida corrida X saúde mental: existe um equilíbrio?;Dra. Ana Beatriz Barbosa;Refeita no template Anima Saúde (set/2026);https://youtu.be/VqNnz6NlA2k;https://youtu.be/MO3rG5BBGH8;https://www.canva.com/design/DAHVfOFIveo/edit;1;https://drive.google.com/file/d/1sJUehaIcI7f4RxTuBuffWQDqEMGNqtSS/view;https://drive.google.com/uc?export=download&id=1sJUehaIcI7f4RxTuBuffWQDqEMGNqtSS;#2 - Ana Beatriz Barbosa.png
#3;Como eu fiz para não desistir da maternidade?;Dra. Talita Melo;Refeita no template Anima Saúde (set/2026);https://youtu.be/sCuBJTlhuAs;https://youtu.be/c_ea3-0Uwxo;https://www.canva.com/design/DAHVfOFIveo/edit;2;https://drive.google.com/file/d/1OQ_vH8qnQLRmYbtv2tGU7VvmYNe5IlM6/view;https://drive.google.com/uc?export=download&id=1OQ_vH8qnQLRmYbtv2tGU7VvmYNe5IlM6;#3 - Talita Melo.png
#4;TDAH da infância à vida adulta;Dr. Raphael Rangel;Refeita no template Anima Saúde (set/2026);https://youtu.be/o7cLDbfxwEw;https://youtu.be/DjPJYJFkepc;https://www.canva.com/design/DAHVfOFIveo/edit;3;https://drive.google.com/file/d/1Zt_XbX8mV4I5L-NmXI9Jsxq9YBjCwg3K/view;https://drive.google.com/uc?export=download&id=1Zt_XbX8mV4I5L-NmXI9Jsxq9YBjCwg3K;#4 - Raphael Rangel.png
#5;Como aliviar cólicas e refluxos do seu bebê?;Dr. José Eduardo;Refeita no template Anima Saúde (set/2026);https://youtu.be/oCysmcM3NAw;https://youtu.be/1nafprfEnuA;https://www.canva.com/design/DAHT5dd2JhQ/edit;1;https://drive.google.com/file/d/1BbLv9aTWC84wvqZ_3v-ADpY3Br6qzHDy/view;https://drive.google.com/uc?export=download&id=1BbLv9aTWC84wvqZ_3v-ADpY3Br6qzHDy;#5 - José Eduardo.png
#6;É doença ou só falta de ferro?;Dra. Tuane Villela;Refeita no template Anima Saúde (set/2026);https://youtu.be/aAomOwA283s;https://youtu.be/BIOxZ_ZkYHU;https://www.canva.com/design/DAHVfOFIveo/edit;4;https://drive.google.com/file/d/1lc0xNy5R0qGJuqKafJDiPXc2cgiUZP3k/view;https://drive.google.com/uc?export=download&id=1lc0xNy5R0qGJuqKafJDiPXc2cgiUZP3k;#6 - Tuane Villela.png
#7;Identifique um sinal de alerta para o autismo!;Dra. Angélica Ávila;Refeita no template Anima Saúde (set/2026);https://youtu.be/nk75BC7L090;https://youtu.be/Ql8gTuVdhDk;https://www.canva.com/design/DAHT5dd2JhQ/edit;2;https://drive.google.com/file/d/1PjtONBhpnxutm0EMiiA9563aU6-9zQQ_/view;https://drive.google.com/uc?export=download&id=1PjtONBhpnxutm0EMiiA9563aU6-9zQQ_;#7 - Angélica Ávila.png
#8;Por que as pessoas estão TÃO ansiosas?;Dr. Bruno Lamoglia;Refeita no template Anima Saúde (set/2026);https://youtu.be/RmY6r3sZxGo;https://youtu.be/ex-bbOYrNmY;https://www.canva.com/design/DAHT5dd2JhQ/edit;3;https://drive.google.com/file/d/1IJHRGSm-no7G8d6nCzMr7gPFW-_gAT4a/view;https://drive.google.com/uc?export=download&id=1IJHRGSm-no7G8d6nCzMr7gPFW-_gAT4a;#8 - Bruno Lamoglia.png
#9;Medicina com propósito desde a faculdade!;Gil Gabriel;Refeita no template Anima Saúde (set/2026);https://youtu.be/TtHGdvUx4s8;https://youtu.be/aZBBR1B-S-U;https://www.canva.com/design/DAHT5dd2JhQ/edit;4;https://drive.google.com/file/d/1v621vBp2rWYU9BTWQjn6iQvT-XBS6U1Q/view;https://drive.google.com/uc?export=download&id=1v621vBp2rWYU9BTWQjn6iQvT-XBS6U1Q;#9 - Gil Gabriel.png
#10;Como aliviar dores crônicas;Dr. Leonardo Avila;Refeita no template Anima Saúde (set/2026);https://youtu.be/f6gPwWNvQDo;https://youtu.be/OUXBPXvWKpE;https://www.canva.com/design/DAHT5dd2JhQ/edit;5;https://drive.google.com/file/d/1EPuyyHxpgij0TGbjtgO2T4-gsWnoIwpX/view;https://drive.google.com/uc?export=download&id=1EPuyyHxpgij0TGbjtgO2T4-gsWnoIwpX;#10 - Leonardo Avila.png
#11;Análise facial e os 4 temperamentos!;Dra. Clarissa Caramez;Refeita no template Anima Saúde (set/2026);https://youtu.be/lBzF_ToyJ7Q;https://youtu.be/Iut9R3VPjbI;https://www.canva.com/design/DAHT5dd2JhQ/edit;6;https://drive.google.com/file/d/1bY8uzetEJGiT4Tp_1QdWm1V0wlwtPv-z/view;https://drive.google.com/uc?export=download&id=1bY8uzetEJGiT4Tp_1QdWm1V0wlwtPv-z;#11 - Clarissa Caramez.png
#12;Como criar e educar crianças autistas;Dra. Mariana Vilas Boas;Refeita no template Anima Saúde (set/2026);https://youtu.be/KXU8KpgBsP4;https://youtu.be/K5YHndQPkNs;https://www.canva.com/design/DAHVfOFIveo/edit;5;https://drive.google.com/file/d/1HHK-x0EEurakA5Yk-7FyxcaLYKjD9wdU/view;https://drive.google.com/uc?export=download&id=1HHK-x0EEurakA5Yk-7FyxcaLYKjD9wdU;#12 - Mariana Vilas Boas.png
#13;Nutri e Mestre em Ciências fala a Verdade sobre Emagrecimento!;Dra. Tamiris Rachid;Refeita no template Anima Saúde (set/2026);https://youtu.be/8FIVIiPq0JA;https://youtu.be/tSR6v05_DEs;https://www.canva.com/design/DAHVfOFIveo/edit;6;https://drive.google.com/file/d/1khfe_OluWFgfU94bnI1cZhHu-xIUkR0G/view;https://drive.google.com/uc?export=download&id=1khfe_OluWFgfU94bnI1cZhHu-xIUkR0G;#13 - Tamiris Rachid.png
#14;Especialista em Bioética fala sobre concepção e fertilidade;Pâmela Schitine;Refeita no template Anima Saúde (set/2026);https://youtu.be/zTLwUoWv-nY;https://youtu.be/4CNFTmkOqeE;https://www.canva.com/design/DAHVfOFIveo/edit;7;https://drive.google.com/file/d/1yO4vjiKLu7LrrQcJe56B9rqkJ_UJjx_U/view;https://drive.google.com/uc?export=download&id=1yO4vjiKLu7LrrQcJe56B9rqkJ_UJjx_U;#14 - Pâmela Schitine.png
#15;A batalha diária da dor crônica;Dra. Flávia Nascimento;Refeita no template Anima Saúde (set/2026);https://youtu.be/EJf2pvO65zU;https://youtu.be/OHGcc5-DRpU;https://www.canva.com/design/DAHVfOFIveo/edit;8;https://drive.google.com/file/d/1RMKG6Jqx8CoLBzaUKuN0RbGddZJCKEsM/view;https://drive.google.com/uc?export=download&id=1RMKG6Jqx8CoLBzaUKuN0RbGddZJCKEsM;#15 - Flávia Nascimento.png
#16;Medicina e espiritualidade;Dr. Bruno Farnetano;Refeita no template Anima Saúde (set/2026);https://youtu.be/-Jko0tarEro;https://youtu.be/wZPNFANzgsI;https://www.canva.com/design/DAHVfOFIveo/edit;9;https://drive.google.com/file/d/1s3hDGFvLPjRdtFtY4ookpu1Y8PlvAi_b/view;https://drive.google.com/uc?export=download&id=1s3hDGFvLPjRdtFtY4ookpu1Y8PlvAi_b;#16 - Bruno Farnetano.png
#17;Como os hormônios afetam seu comportamento;Dr. Diogo Viana;Refeita no template Anima Saúde (set/2026);;https://youtu.be/03i7XWQSx74;https://www.canva.com/design/DAHVfOFIveo/edit;10;https://drive.google.com/file/d/1z9_8I-IasU64KTv5zzdPYJVixHRvFthM/view;https://drive.google.com/uc?export=download&id=1z9_8I-IasU64KTv5zzdPYJVixHRvFthM;#17 - Diogo Viana.png
#18;Diástase abdominal: como identificar e tratar;Cris Alberti;Refeita no template Anima Saúde (set/2026);;https://youtu.be/bzvtsxcB2N4;https://www.canva.com/design/DAHVfOFIveo/edit;11;https://drive.google.com/file/d/1vT0qWzpZZ7kvFetqhwie_O7ragYbSmOu/view;https://drive.google.com/uc?export=download&id=1vT0qWzpZZ7kvFetqhwie_O7ragYbSmOu;#18 - Cris Alberti.png
#19;Como aumentar a fertilidade de forma natural;Dr. Eduardo Honorato;Refeita no template Anima Saúde (set/2026);;https://youtu.be/NemdB5yDfO4;https://www.canva.com/design/DAHVfOFIveo/edit;12;https://drive.google.com/file/d/1pM5GJbzvnprVOzXHJ-G9yYYi7mBzyOuk/view;https://drive.google.com/uc?export=download&id=1pM5GJbzvnprVOzXHJ-G9yYYi7mBzyOuk;#19 - Eduardo Honorato.png
#20;Psicóloga conta toda a verdade sobre a maternidade;Dra. Bianca Quevedo;Refeita no template Anima Saúde (set/2026);;https://youtu.be/NTvwq18J82M;https://www.canva.com/design/DAHVfOFIveo/edit;13;https://drive.google.com/file/d/1S2X-or4I0eXxGZ4t-9XpwwaOQeSKRfEW/view;https://drive.google.com/uc?export=download&id=1S2X-or4I0eXxGZ4t-9XpwwaOQeSKRfEW;#20 - Bianca Quevedo.png
#21;Saúde Pélvica: Disfunções, Terapias e Cuidados;Dra. Michelle Paixão;Refeita no template Anima Saúde (set/2026);;https://youtu.be/9OhtwcpKhqY;https://www.canva.com/design/DAHVfOFIveo/edit;14;https://drive.google.com/file/d/1xC-THkbkfbbGkhGjsCddnVMy_0vJFUTv/view;https://drive.google.com/uc?export=download&id=1xC-THkbkfbbGkhGjsCddnVMy_0vJFUTv;#21 - Michelle Paixão.png
#22;Sabedoria de Santa Hildegarda para a sua saúde;Dra. Priscila Antunes;Refeita no template Anima Saúde (set/2026);;https://youtu.be/gOBVOrjqcW8;https://www.canva.com/design/DAHVfOFIveo/edit;15;https://drive.google.com/file/d/1Yp0AGPkk1G_rGjS4nXgOxea8OXez-nRk/view;https://drive.google.com/uc?export=download&id=1Yp0AGPkk1G_rGjS4nXgOxea8OXez-nRk;#22 - Priscila Antunes.png
#23;Desfralde tardio e doenças: saiba a relação;Aureanne Villacorta;Refeita no template Anima Saúde (set/2026);;https://youtu.be/4viMm6EdCSE;https://www.canva.com/design/DAHVfOFIveo/edit;16;https://drive.google.com/file/d/17A1mVFHoAw97GU-I3s8pUDfbWYgygBtl/view;https://drive.google.com/uc?export=download&id=17A1mVFHoAw97GU-I3s8pUDfbWYgygBtl;#23 - Aureanne Villacorta.png
#24;Saiba tudo sobre fertilidade natural;Filipe Duarte;Refeita no template Anima Saúde (set/2026);;https://youtu.be/N4ypltLGvm4;https://www.canva.com/design/DAHVfOFIveo/edit;17;https://drive.google.com/file/d/1AW-POFTjDF8DFuXlePQfGN_6tfQlf2Yn/view;https://drive.google.com/uc?export=download&id=1AW-POFTjDF8DFuXlePQfGN_6tfQlf2Yn;#24 - Filipe Duarte.png
#25;Saiba tudo sobre esteatose hepática, a gordura no fígado;Anderson Brito;Refeita no template Anima Saúde (set/2026);;https://youtu.be/-cOwNX9wwYI;https://www.canva.com/design/DAHVfOFIveo/edit;18;https://drive.google.com/file/d/1HcSJGB_e2-62miNx5LFcvLxhKl30CMTd/view;https://drive.google.com/uc?export=download&id=1HcSJGB_e2-62miNx5LFcvLxhKl30CMTd;#25 - Anderson Brito.png
#26;O impacto  das doenças inflamatórias intestinais na sua saúde;Roberta Rigueira;Refeita no template Anima Saúde (set/2026);;https://youtu.be/oVaMeIEwZcw;https://www.canva.com/design/DAHVfOFIveo/edit;19;https://drive.google.com/file/d/1niACEYGeJO3AxGlY2xzEVwyMBOC-NsNL/view;https://drive.google.com/uc?export=download&id=1niACEYGeJO3AxGlY2xzEVwyMBOC-NsNL;#26 - Roberta Rigueira.png
#27;Descomplique seu consultório;Clara Morena;Refeita no template Anima Saúde (set/2026);;https://youtu.be/S9MO3CZQLtc;https://www.canva.com/design/DAHVfOFIveo/edit;20;https://drive.google.com/file/d/1DP-ZOnsaW6c89WPgh1CeTVpJMAdzocZh/view;https://drive.google.com/uc?export=download&id=1DP-ZOnsaW6c89WPgh1CeTVpJMAdzocZh;#27 - Clara Morena.png
#28;Entenda o poder dos hormônios para a saúde feminina;Dr. Leonardo Jacobsen;Refeita no template Anima Saúde (set/2026);;https://youtu.be/bKIaVqstvRs;https://www.canva.com/design/DAHVfOFIveo/edit;21;https://drive.google.com/file/d/11-MWEAhOp1hcG2pUlfmEko8ZIm0dTnu6/view;https://drive.google.com/uc?export=download&id=11-MWEAhOp1hcG2pUlfmEko8ZIm0dTnu6;#28 - Leonardo Jacobsen.png
#29;Reflexões médicas sobre o valor da vida humana;Dra. Carolina Delage;Refeita no template Anima Saúde (set/2026);;https://youtu.be/UlOHMw676s0;https://www.canva.com/design/DAHVfOFIveo/edit;22;https://drive.google.com/file/d/1oHGcmeKbHZspwq8KCW5uxJLryodHmOzE/view;https://drive.google.com/uc?export=download&id=1oHGcmeKbHZspwq8KCW5uxJLryodHmOzE;#29 - Carolina Delage.png
#30;A infertilidade também é desafio emocional;Felipe Magalhães;Refeita no template Anima Saúde (set/2026);;https://youtu.be/jvuTq8hytR8;https://www.canva.com/design/DAHVfOFIveo/edit;23;https://drive.google.com/file/d/18Kud4w9rSMO3pn8S0MYWsJFPd8hHHU6u/view;https://drive.google.com/uc?export=download&id=18Kud4w9rSMO3pn8S0MYWsJFPd8hHHU6u;#30 - Felipe Magalhães.png
#31;Prevenção e cura: Tudo sobre câncer de pele;Caroline Brandão;Refeita no template Anima Saúde (set/2026);;https://youtu.be/GPRtg_kwVZk;https://www.canva.com/design/DAHVfOFIveo/edit;24;https://drive.google.com/file/d/1-s67KIwkUCqSedo6t8GgSbJbuwsvMYLC/view;https://drive.google.com/uc?export=download&id=1-s67KIwkUCqSedo6t8GgSbJbuwsvMYLC;#31 - Caroline Brandão.png
#32;Como dormir bem pode transformar sua vida;Dra. Isabel Braga;Refeita no template Anima Saúde (set/2026);;https://youtu.be/tvj54udXdzc;https://www.canva.com/design/DAHVfOFIveo/edit;25;https://drive.google.com/file/d/1_GWlnDrcX2WFhz61kCCsCg3xbuLjg1SW/view;https://drive.google.com/uc?export=download&id=1_GWlnDrcX2WFhz61kCCsCg3xbuLjg1SW;#32 - Isabel Braga.png
#33;Aprenda sobre a saúde do seu coração;Dr. Rodrigo Reis;Refeita no template Anima Saúde (set/2026);;https://youtu.be/3UieliKQi90;https://www.canva.com/design/DAHVfOFIveo/edit;26;https://drive.google.com/file/d/1CXNalPbKewDVi-ln76R1dfS5MIq27jFo/view;https://drive.google.com/uc?export=download&id=1CXNalPbKewDVi-ln76R1dfS5MIq27jFo;#33 - Rodrigo Reis.png
#34;Os problemas de saúde mental que seu filho pode ter;Dr. Marcelo Masruha;Refeita no template Anima Saúde (set/2026);;https://youtu.be/V4-mUPCkQZQ;https://www.canva.com/design/DAHVfOFIveo/edit;27;https://drive.google.com/file/d/1JLIT7bsWgqR7AKctO5WI6f54Ytknv6jW/view;https://drive.google.com/uc?export=download&id=1JLIT7bsWgqR7AKctO5WI6f54Ytknv6jW;#34 - Marcelo Masruha.png
#35;Enxergue o futuro: Cuide bem dos seus olhos;Dr.  Leonardo Fontana;Refeita no template Anima Saúde (set/2026);;https://youtu.be/OtKur3NXcuA;https://www.canva.com/design/DAHVfOFIveo/edit;28;https://drive.google.com/file/d/182xb0r-Na-3DkTiYv1VtkjrLmADqdEZn/view;https://drive.google.com/uc?export=download&id=182xb0r-Na-3DkTiYv1VtkjrLmADqdEZn;#35 - Leonardo Fontana.png
#36;Saúde Respiratória;Dr.  Renato Azambuja;Refeita no template Anima Saúde (set/2026);;https://youtu.be/4AD-aQZhzW4;https://www.canva.com/design/DAHVfOFIveo/edit;29;https://drive.google.com/file/d/1p60dmTqEZtRBS6zS3KtNiuXyY-tdxrvr/view;https://drive.google.com/uc?export=download&id=1p60dmTqEZtRBS6zS3KtNiuXyY-tdxrvr;#36 - Renato Azambuja.png
#37;A Doença de Alzheimer;Dr. Henrique Cal;Refeita no template Anima Saúde (set/2026);;https://youtu.be/NSuZ5pkcNoY;https://www.canva.com/design/DAHVfMMKZLI/edit;1;https://drive.google.com/file/d/1O9JMVU94qFBajyGIfwxmn2JNgC71ZKkw/view;https://drive.google.com/uc?export=download&id=1O9JMVU94qFBajyGIfwxmn2JNgC71ZKkw;#37 - Henrique Cal.png
#38;Saúde Infantil;Dra. Ana Carolina Goulart;Refeita no template Anima Saúde (set/2026);;https://youtu.be/IsbQ-eWGqzg;https://www.canva.com/design/DAHVfMMKZLI/edit;2;https://drive.google.com/file/d/1V5Q3vKqTxc6IHkkEWX4OQJ58AZCXBDl7/view;https://drive.google.com/uc?export=download&id=1V5Q3vKqTxc6IHkkEWX4OQJ58AZCXBDl7;#38 - Ana Carolina Goulart.png
#39;Superando a depressão;Dr. Dario Leitão;Refeita no template Anima Saúde (set/2026);;https://youtu.be/DNJoE3Hkghk;https://www.canva.com/design/DAHVfMMKZLI/edit;3;https://drive.google.com/file/d/1ibkXc3GZHa0KHmElM94J7MjtpuMRUlLk/view;https://drive.google.com/uc?export=download&id=1ibkXc3GZHa0KHmElM94J7MjtpuMRUlLk;#39 - Dario Leitão.png
#40;Alimentação e temperamentos;Drª Carol Barros;Refeita no template Anima Saúde (set/2026);;https://youtu.be/fEO-0upusZo;https://www.canva.com/design/DAHVfMMKZLI/edit;4;https://drive.google.com/file/d/1rNkm7m0Rb6rzWTYoCVri1_JGv1qWHSIJ/view;https://drive.google.com/uc?export=download&id=1rNkm7m0Rb6rzWTYoCVri1_JGv1qWHSIJ;#40 - Carol Barros.png
#41;O Impacto da cirurgia de endometriose na dor e na fertilidade;Dr. Lucas Vinhas;Refeita no template Anima Saúde (set/2026);;https://youtu.be/oypPw2mzMQM;https://www.canva.com/design/DAHVfMMKZLI/edit;5;https://drive.google.com/file/d/1NPWb432dp5RUt8rbohXDhtGZHoFfSZjf/view;https://drive.google.com/uc?export=download&id=1NPWb432dp5RUt8rbohXDhtGZHoFfSZjf;#41 - Lucas Vinhas.png
#42;Síndrome de Burnout;Drª. Paula Campozan;Refeita no template Anima Saúde (set/2026);;https://youtu.be/0NKwFQhp52s;https://www.canva.com/design/DAHVfMMKZLI/edit;6;https://drive.google.com/file/d/1VkWmCpVdlfhrul5_jAzQIkFVkx8_xj1p/view;https://drive.google.com/uc?export=download&id=1VkWmCpVdlfhrul5_jAzQIkFVkx8_xj1p;#42 - Paula Campozan.png
#43;Suas veias podem estar em risco!;Drª. Carina Brandão;Refeita no template Anima Saúde (set/2026);;https://youtu.be/NKNN4XZsHE8;https://www.canva.com/design/DAHVfMMKZLI/edit;7;https://drive.google.com/file/d/1xoNI81H9XsDF0SoYFb5p-B3beywrk12E/view;https://drive.google.com/uc?export=download&id=1xoNI81H9XsDF0SoYFb5p-B3beywrk12E;#43 - Carina Brandão.png
#44;Ultrassom na gravidez: quando e por quê?;Dr. Heron Werner;Refeita no template Anima Saúde (set/2026);;https://youtu.be/dz8NPQAx2kY;https://www.canva.com/design/DAHVfMMKZLI/edit;8;https://drive.google.com/file/d/1jpRPWGPfHP0UTcXgWnuEXs5jYQ6RG8wE/view;https://drive.google.com/uc?export=download&id=1jpRPWGPfHP0UTcXgWnuEXs5jYQ6RG8wE;#44 - Heron Werner.png
#45;Controle sua Ansiedade!;Dr. João Marcos;Refeita no template Anima Saúde (set/2026);https://youtu.be/Qov3ZQQMomI;;https://www.canva.com/design/DAHVfMMKZLI/edit;9;https://drive.google.com/file/d/1hfjJGpCBAj_79NzIeMp3GmwVbq7z9FbS/view;https://drive.google.com/uc?export=download&id=1hfjJGpCBAj_79NzIeMp3GmwVbq7z9FbS;#45 - João Marcos.png
#46;Transição menopausal - Climatério;Dra. Isabela Bussade;Refeita no template Anima Saúde (set/2026);https://youtu.be/phZohDqtjhs;;https://www.canva.com/design/DAHT5dd2JhQ/edit;7;https://drive.google.com/file/d/10kEh4MjXAY0uohotM-3NJ9RcYrto01Sl/view;https://drive.google.com/uc?export=download&id=10kEh4MjXAY0uohotM-3NJ9RcYrto01Sl;#46 - Isabela Bussade.png
#47;Psicologia dos hábitos;Aline Cantarelli;Refeita no template Anima Saúde (set/2026);https://youtu.be/BftLTzYV5UQ;;https://www.canva.com/design/DAHT5dd2JhQ/edit;8;https://drive.google.com/file/d/1Y8-WTy-CFnk94VzbKRbMYVaaG1Ca23cz/view;https://drive.google.com/uc?export=download&id=1Y8-WTy-CFnk94VzbKRbMYVaaG1Ca23cz;#47 - Aline Cantarelli.png
#48;Cuidados com a pele na gestação o que pode e o que NÃO pode;Dr. Bruno Messias;Refeita no template Anima Saúde (set/2026);https://youtu.be/UjqT1GkZc3g;;https://www.canva.com/design/DAHT5dd2JhQ/edit;9;https://drive.google.com/file/d/1WCQNLrbyOaHL0PfSRe7wI3T0IR0HsMrf/view;https://drive.google.com/uc?export=download&id=1WCQNLrbyOaHL0PfSRe7wI3T0IR0HsMrf;#48 - Bruno Messias.png
#49;Você está inflamada !;Dra.  Géssica Andrade;Refeita no template Anima Saúde (set/2026);https://youtu.be/zjVIILeHO4s;;https://www.canva.com/design/DAHT5dd2JhQ/edit;10;https://drive.google.com/file/d/10LLGzDp8KbJ_9wJlgrbHUkQwWuTiCaEw/view;https://drive.google.com/uc?export=download&id=10LLGzDp8KbJ_9wJlgrbHUkQwWuTiCaEw;#49 - Géssica Andrade.png
#50;O Segredo da Longevidade: Melhore sua saúde cardiovascular;Dra. Erika Vidal;Refeita no template Anima Saúde (set/2026);https://youtu.be/c_GM_AichRU;;https://www.canva.com/design/DAHT5dd2JhQ/edit;11;https://drive.google.com/file/d/1zjMkxbJcPzKYBTrXdZvmdA0NoBLMH5YY/view;https://drive.google.com/uc?export=download&id=1zjMkxbJcPzKYBTrXdZvmdA0NoBLMH5YY;#50 - Erika Vidal.png
#51;CARDIO vs. MUSCULAÇÃO: O que priorizar para SAIR do Sedentarismo?;Tony Geremias;Refeita no template Anima Saúde (set/2026);https://youtu.be/rmStVMjdBQA;;https://www.canva.com/design/DAHT5dd2JhQ/edit;12;https://drive.google.com/file/d/1Joy0gRX2pb8kvkGVZmIjGhwfYL7-yA4F/view;https://drive.google.com/uc?export=download&id=1Joy0gRX2pb8kvkGVZmIjGhwfYL7-yA4F;#51 - Tony Geremias.png
#52;Câncer de Intestino: Sinais de Risco e Como Prevenir;Dra. Clarisse Casali;Refeita no template Anima Saúde (set/2026);https://youtu.be/Fj00CaWzB2A;;https://www.canva.com/design/DAHT5dd2JhQ/edit;13;https://drive.google.com/file/d/1_7lvAuIQhOCvOJo0y4dow1Zx2rpSsCXB/view;https://drive.google.com/uc?export=download&id=1_7lvAuIQhOCvOJo0y4dow1Zx2rpSsCXB;#52 - Clarisse Casali.png
#53;Anticoncepcional NÃO TRATA SOP e Endometriose?;Dr. Gabriel Arreguy;Refeita no template Anima Saúde (set/2026);https://youtu.be/Z1vPnDNOilQ;;https://www.canva.com/design/DAHT5dd2JhQ/edit;14;https://drive.google.com/file/d/1e-RB7u9uPAdGgtSo2WhoYM2fckxMtAky/view;https://drive.google.com/uc?export=download&id=1e-RB7u9uPAdGgtSo2WhoYM2fckxMtAky;#53 - Gabriel Arreguy.png
#54;Como se libertar do vício em nicotina;Dr. Lourenço Alencar e Luísa Peleja;Refeita no template Anima Saúde (set/2026);https://youtu.be/cXpBnC7f_Ks;;https://www.canva.com/design/DAHT5dd2JhQ/edit;15;https://drive.google.com/file/d/1wIJ59dphEbUEe_PaVIybBKfnmHDim0zY/view;https://drive.google.com/uc?export=download&id=1wIJ59dphEbUEe_PaVIybBKfnmHDim0zY;#54 - Lourenço Alencar e Luísa Peleja.png
#55;DIABETES: Sinais de Alerta, Tipos e a Verdade Sobre a Doença;Dr. Rodrigo Mendes;Refeita no template Anima Saúde (set/2026);https://youtu.be/zIbem2D7O_I;;https://www.canva.com/design/DAHT5dd2JhQ/edit;16;https://drive.google.com/file/d/1cObOgkxHOmybODbMsJMxrj7UInRqMpZM/view;https://drive.google.com/uc?export=download&id=1cObOgkxHOmybODbMsJMxrj7UInRqMpZM;#55 - Rodrigo Mendes.png
#56;Dor na relação sexual e o que você precisa saber para ter prazer;Dalila Faleiro;Refeita no template Anima Saúde (set/2026);https://youtu.be/qxQcaD8V_ac;;https://www.canva.com/design/DAHT5dd2JhQ/edit;17;https://drive.google.com/file/d/1ux3aMYrYD8ZIR1f23M9XSVaeYJJW8y3g/view;https://drive.google.com/uc?export=download&id=1ux3aMYrYD8ZIR1f23M9XSVaeYJJW8y3g;#56 - Dalila Faleiro.png
#57;Superando a Infertilidade com SOP: Estratégias para Engravidar;Drª Caroline Cristofari;Refeita no template Anima Saúde (set/2026);https://youtu.be/3pxWlpaUL3I;;https://www.canva.com/design/DAHT5dd2JhQ/edit;18;https://drive.google.com/file/d/1Xq0V1fx-99eDzxvfIn3QZtBH9e458ctc/view;https://drive.google.com/uc?export=download&id=1Xq0V1fx-99eDzxvfIn3QZtBH9e458ctc;#57 - Caroline Cristofari.png
#58;Como Identificar um NARCISISTA: Os Sinais Que Você Não Percebe;Rachel Rebouças;Refeita no template Anima Saúde (set/2026);https://youtu.be/W_Za0F3LEBE;;https://www.canva.com/design/DAHT5dd2JhQ/edit;19;https://drive.google.com/file/d/1FtnDvmDRzCF5yzdbCTlvQFfIoDhS_Q7s/view;https://drive.google.com/uc?export=download&id=1FtnDvmDRzCF5yzdbCTlvQFfIoDhS_Q7s;#58 - Rachel Rebouças.png
#59;FERTILIDADE: Mitos e Erros Comuns Que te Impedem de Engravidar;Fernanda Tofoli;Refeita no template Anima Saúde (set/2026);https://youtu.be/g_s-p93r8kg;;https://www.canva.com/design/DAHT5dd2JhQ/edit;20;https://drive.google.com/file/d/1jQOD9ZKjtLVVHlC3obZwImAdH8dy2av8/view;https://drive.google.com/uc?export=download&id=1jQOD9ZKjtLVVHlC3obZwImAdH8dy2av8;#59 - Fernanda Tofoli.png
#60;Os segredos de uma GRAVIDEZ SAUDÁVEL;Drª Bruna Pitaluga;Refeita no template Anima Saúde (set/2026);https://youtu.be/5iIbyQG2veI;;https://www.canva.com/design/DAHT5dd2JhQ/edit;21;https://drive.google.com/file/d/1o_7K_d9ldM3FDKUORCAbFJBa3HBAJj4Y/view;https://drive.google.com/uc?export=download&id=1o_7K_d9ldM3FDKUORCAbFJBa3HBAJj4Y;#60 - Bruna Pitaluga.png
#61;Boca Inflamada, Corpo Doente: Como Seus Dentes Afetam Sua Saúde;Drª Bella Gurgel;Refeita no template Anima Saúde (set/2026);https://youtu.be/GcAbYiM7b3c;;https://www.canva.com/design/DAHT5dd2JhQ/edit;22;https://drive.google.com/file/d/1ZwzPK1wF3-db7xqugrPJJY7nFUyFJtQk/view;https://drive.google.com/uc?export=download&id=1ZwzPK1wF3-db7xqugrPJJY7nFUyFJtQk;#61 - Bella Gurgel.png
#62;O que você precisa saber para uma GESTAÇÃO SAUDÁVEL;Dra. Elisabete Pinheiro;Refeita no template Anima Saúde (set/2026);https://youtu.be/VgUg4O-uoBA;;https://www.canva.com/design/DAHT5dd2JhQ/edit;23;https://drive.google.com/file/d/1oTicbvXAHg2aWJ5J4ijlxsJikMkblvYa/view;https://drive.google.com/uc?export=download&id=1oTicbvXAHg2aWJ5J4ijlxsJikMkblvYa;#62 - Elisabete Pinheiro.png
#63;Alzheimer: Descubra Como Proteger Sua Memória;Drª Rafaelly Faitanin;Refeita no template Anima Saúde (set/2026);https://youtu.be/q36VQ5bTN1w;;https://www.canva.com/design/DAHT5dd2JhQ/edit;24;https://drive.google.com/file/d/1cy1PVoZszY5Dsb7Bs_-Lm6sYxMGBq_jJ/view;https://drive.google.com/uc?export=download&id=1cy1PVoZszY5Dsb7Bs_-Lm6sYxMGBq_jJ;#63 - Rafaelly Faitanin.png
#64;MATERNIDADE REAL e saúde mental: O segredo para uma vida plena e feliz;Letícia Cazarré;Refeita no template Anima Saúde (set/2026);https://youtu.be/WxCNKKitVcs;;https://www.canva.com/design/DAHT5dd2JhQ/edit;25;https://drive.google.com/file/d/12RSFI2NzJCTZLp_K1azOLjNGrGQXIRa1/view;https://drive.google.com/uc?export=download&id=12RSFI2NzJCTZLp_K1azOLjNGrGQXIRa1;#64 - Letícia Cazarré.png
#65;HIPERTENSÃO: Entenda a doença, seus riscos e como proteger o coração;Dr. Pedro Spineti;Refeita no template Anima Saúde (set/2026);https://youtu.be/bqIIDbc3pSE;;https://www.canva.com/design/DAHT5dd2JhQ/edit;26;https://drive.google.com/file/d/1rQ6syDA3O0NcC6aKCaum7SU1oBbK7oYA/view;https://drive.google.com/uc?export=download&id=1rQ6syDA3O0NcC6aKCaum7SU1oBbK7oYA;#65 - Pedro Spineti.png
#66;Fertilidade Sem MISTÉRIO: Os Segredos Milenares da Medicina Chinesa;Érika Nery;Refeita no template Anima Saúde (set/2026);https://youtu.be/V6gYlFr5RcI;;https://www.canva.com/design/DAHT5dd2JhQ/edit;27;https://drive.google.com/file/d/1MgLq-lA98o9gGAvbjbmnXnZpOKOSrycK/view;https://drive.google.com/uc?export=download&id=1MgLq-lA98o9gGAvbjbmnXnZpOKOSrycK;#66 - Érika Nery.png
#67;Parkinson: Os Sintomas Ocultos Que Você Precisa Conhecer;Dr. Pedro Góes;Refeita no template Anima Saúde (set/2026);https://youtu.be/uMglcOXrsxA;;https://www.canva.com/design/DAHT5dd2JhQ/edit;28;https://drive.google.com/file/d/1wSyBUvt1GP6UuY2W0-pmorkP0LXgkQ_5/view;https://drive.google.com/uc?export=download&id=1wSyBUvt1GP6UuY2W0-pmorkP0LXgkQ_5;#67 - Pedro Góes.png
#68;A Chave para uma VIDA PLENA após a LESÃO MEDULAR;Fran Romanini;Refeita no template Anima Saúde (set/2026);https://youtu.be/PCnJP3bjnVk;;https://www.canva.com/design/DAHT5dd2JhQ/edit;29;https://drive.google.com/file/d/1WNASUSfloBdSQPrFfkGjTwpAfrUcmXTE/view;https://drive.google.com/uc?export=download&id=1WNASUSfloBdSQPrFfkGjTwpAfrUcmXTE;#68 - Fran Romanini.png
#69;O FIM da ACNE: Descubra o tratamento que FUNCIONA de verdade;Dr. Rodrigo Borborema;Refeita no template Anima Saúde (set/2026);https://youtu.be/2oxN4_pHwJ8;;https://www.canva.com/design/DAHT5dd2JhQ/edit;30;https://drive.google.com/file/d/1GtM_qp5b-E5frNkHjVsao5uNHLyqAMeK/view;https://drive.google.com/uc?export=download&id=1GtM_qp5b-E5frNkHjVsao5uNHLyqAMeK;#69 - Rodrigo Borborema.png
#70;Os PILARES para uma vida SAUDÁVEL e VIRTUOSA;Kyra Gracie;Refeita no template Anima Saúde (set/2026);https://youtu.be/efUeVACVoBE;;https://www.canva.com/design/DAHT5dd2JhQ/edit;31;https://drive.google.com/file/d/1Z5yXl17rgCx076wyZDaf1xY1NP7YJ3Or/view;https://drive.google.com/uc?export=download&id=1Z5yXl17rgCx076wyZDaf1xY1NP7YJ3Or;#70 - Kyra Gracie.png
#71;Puerpério feliz: A rotina alimentar que evita a depressão pós-parto;Camila Komatsu;Refeita no template Anima Saúde (set/2026);https://youtu.be/-rZ3Cud_n6E;;https://www.canva.com/design/DAHT5dd2JhQ/edit;32;https://drive.google.com/file/d/1NJzcZGODhd_sPMROVt7M3LgpGR5MScYp/view;https://drive.google.com/uc?export=download&id=1NJzcZGODhd_sPMROVt7M3LgpGR5MScYp;#71 - Camila Komatsu.png
#72;O que ninguém te contou sobre o LIPEDEMA;Drª Georgia Dorigon;Refeita no template Anima Saúde (set/2026);;https://youtu.be/WU4bCHMVpm4;https://www.canva.com/design/DAHVfMMKZLI/edit;10;https://drive.google.com/file/d/1Es-WFzuIQIeOYK5h-lcVGBsYYJNefCdq/view;https://drive.google.com/uc?export=download&id=1Es-WFzuIQIeOYK5h-lcVGBsYYJNefCdq;#72 - Georgia Dorigon.png
#73;A Rota da FERTILIDADE: Como preparar seu corpo para ENGRAVIDAR;Moniele Cunha;Refeita no template Anima Saúde (set/2026);;https://youtu.be/poqREYKg0Oo;https://www.canva.com/design/DAHVfMMKZLI/edit;11;https://drive.google.com/file/d/1s00JhUsSNZjweJNOd6_LEfmDH9hr_6go/view;https://drive.google.com/uc?export=download&id=1s00JhUsSNZjweJNOd6_LEfmDH9hr_6go;#73 - Moniele Cunha.png
#74;O segredo para parar de ir à emergência com seu filho;Drª Renata Fróes;Refeita no template Anima Saúde (set/2026);;https://youtu.be/m0-luCqnDHI;https://www.canva.com/design/DAHVfMMKZLI/edit;12;https://drive.google.com/file/d/1Ud7sJpbZYxShnK8Z7EYWSmFbWU2Lu2uL/view;https://drive.google.com/uc?export=download&id=1Ud7sJpbZYxShnK8Z7EYWSmFbWU2Lu2uL;#74 - Renata Fróes.png
#75;SAÚDE dos OLHOS: Como PRESERVAR sua visão;Dr. João Paulo Lomelino;Refeita no template Anima Saúde (set/2026);;https://youtu.be/9vn92mLV9QY;https://www.canva.com/design/DAHVfMMKZLI/edit;13;https://drive.google.com/file/d/1LM3o_NYtSrvzVRp3ZU1om7mn_guRrr7Q/view;https://drive.google.com/uc?export=download&id=1LM3o_NYtSrvzVRp3ZU1om7mn_guRrr7Q;#75 - João Paulo Lomelino.png
#76;Virtude da ORDEM: A Chave para ter uma VIDA SAUDÁVEL e FELIZ;João Malheiro;Refeita no template Anima Saúde (set/2026);;https://youtu.be/jDMZSktGsII;https://www.canva.com/design/DAHVfMMKZLI/edit;14;https://drive.google.com/file/d/1kNX-tr4YyZF-MT20pUV-6Mnmh2HeU2GH/view;https://drive.google.com/uc?export=download&id=1kNX-tr4YyZF-MT20pUV-6Mnmh2HeU2GH;#76 - João Malheiro.png
#77;AUTISMO e TDAH: O segredo da neurodivergência que a escola não vê;Carolina Scarabucci;Refeita no template Anima Saúde (set/2026);;https://youtu.be/9NASsAZudM8;https://www.canva.com/design/DAHVfMMKZLI/edit;15;https://drive.google.com/file/d/1mKEjmwwqzMmKW0Damx7O7Az0VWuYmUie/view;https://drive.google.com/uc?export=download&id=1mKEjmwwqzMmKW0Damx7O7Az0VWuYmUie;#77 - Carolina Scarabucci.png
#78;NUTRIÇÃO ONCOLÓGICA: Alimentos que ajudam a VENCER o CÂNCER;Paula Pratti;Refeita no template Anima Saúde (set/2026);;https://youtu.be/-0YbUDGjs-0;https://www.canva.com/design/DAHVfMMKZLI/edit;16;https://drive.google.com/file/d/1Mk4q_BOoPLK2prWubpAfxBA8zUodyYYT/view;https://drive.google.com/uc?export=download&id=1Mk4q_BOoPLK2prWubpAfxBA8zUodyYYT;#78 - Paula Pratti.png
#79;Além da doença mental: o sofrimento existencial por trás do suicídio;Thiago Andrade;Refeita no template Anima Saúde (set/2026);;https://youtu.be/WX2MaWVMOB8;https://www.canva.com/design/DAHVfMMKZLI/edit;17;https://drive.google.com/file/d/1yoYOmcwwe9TzAc01sRi3GWx5tu0f21_M/view;https://drive.google.com/uc?export=download&id=1yoYOmcwwe9TzAc01sRi3GWx5tu0f21_M;#79 - Thiago Andrade.png
#80;O FIM DO METABOLISMO LENTO: O que NÃO TE CONTARAM sobre seu corpo;Dra. Flavia Verocai;Refeita no template Anima Saúde (set/2026);;https://youtu.be/-Lk3417I2CM;https://www.canva.com/design/DAHVfMMKZLI/edit;18;https://drive.google.com/file/d/1LxUMDloGqTHq0jvtGFrtV0v9XTV3pB15/view;https://drive.google.com/uc?export=download&id=1LxUMDloGqTHq0jvtGFrtV0v9XTV3pB15;#80 - Flavia Verocai.png
#81;"O Segredo do ""Super Sono"" Reparador";Dr. Gleison Guimarães;Refeita no template Anima Saúde (set/2026);;https://youtu.be/-pO1vLrBOVc;https://www.canva.com/design/DAHVfMMKZLI/edit;19;https://drive.google.com/file/d/1Ilxuvhsy1RZC8P8ghiKSbGIS3fG4dX6P/view;https://drive.google.com/uc?export=download&id=1Ilxuvhsy1RZC8P8ghiKSbGIS3fG4dX6P;#81 - Gleison Guimarães.png
#82;;;Episódio inexistente no YouTube;;;;;;;
#83;SEGREDOS DA FERTILIDADE: Como engravidar tendo DOENÇA AUTOIMUNE;Dra. Carolina Meireles;Refeita no template Anima Saúde (set/2026);;https://youtu.be/jf0KhTqo1sY;https://www.canva.com/design/DAHVfMMKZLI/edit;20;https://drive.google.com/file/d/1EM5YJ_61SHe6NK-_3V6ZFzh2J9oBN1d0/view;https://drive.google.com/uc?export=download&id=1EM5YJ_61SHe6NK-_3V6ZFzh2J9oBN1d0;#83 - Carolina Meireles.png
#84;Como preparar sua casa para o Natal;Ana Luisa Rego Macedo;Refeita no template Anima Saúde (set/2026);;https://youtu.be/mRoSuyWs7OQ;https://www.canva.com/design/DAHVfMMKZLI/edit;21;https://drive.google.com/file/d/1Ing0IQNMG4AMRtrb4c_j37ONLXMjuNbO/view;https://drive.google.com/uc?export=download&id=1Ing0IQNMG4AMRtrb4c_j37ONLXMjuNbO;#84 - Ana Luisa Rego Macedo.png
#85;Descubra o que suas UNHAS dizem sobre SUA SAÚDE;Dr. Miguel Ceccarelli;Refeita no template Anima Saúde (set/2026);;https://youtu.be/4ApDYi8vByw;https://www.canva.com/design/DAHVfMMKZLI/edit;22;https://drive.google.com/file/d/1L_cf69SoewZQvKpSDfJ7oq-JH_hXs8pk/view;https://drive.google.com/uc?export=download&id=1L_cf69SoewZQvKpSDfJ7oq-JH_hXs8pk;#85 - Miguel Ceccarelli.png
#86;Guia do VITILIGO: Causas, Mitos e Tratamentos que Funcionam;Dr. Paulo Luzio;Refeita no template Anima Saúde (set/2026);;https://youtu.be/490bxOEmmvc;https://www.canva.com/design/DAHVfMMKZLI/edit;23;https://drive.google.com/file/d/1smBjd69sf1eRicjPaM2-KTRv6DA9YFET/view;https://drive.google.com/uc?export=download&id=1smBjd69sf1eRicjPaM2-KTRv6DA9YFET;#86 - Paulo Luzio.png
#87;EMAGRECIMENTO Definitivo: O SEGREDO para acabar com o efeito sanfona;Dr. Luis Trocado;Refeita no template Anima Saúde (set/2026);;https://youtu.be/V-XlAv90XdM;https://www.canva.com/design/DAHVfMMKZLI/edit;24;https://drive.google.com/file/d/1paQS506_4UxGLXJ9rf7eGDrRCfMv-2nz/view;https://drive.google.com/uc?export=download&id=1paQS506_4UxGLXJ9rf7eGDrRCfMv-2nz;#87 - Luis Trocado.png
#88;SONO RUIM na INFÂNCIA: As CONSEQUÊNCIAS que ninguém te conta;Dra. Larissa Abreu;Refeita no template Anima Saúde (set/2026);;https://youtu.be/2VGAFbSyEMI;https://www.canva.com/design/DAHVfMMKZLI/edit;25;https://drive.google.com/file/d/1J-HUgvrHF1uDGcbnp9HoOUqccJIRRCS3/view;https://drive.google.com/uc?export=download&id=1J-HUgvrHF1uDGcbnp9HoOUqccJIRRCS3;#88 - Larissa Abreu.png
#89;EPIDEMIA DE AUTISMO? A Verdade sobre o aumento de casos;Dra. Tielle Machado;Refeita no template Anima Saúde (set/2026);;https://youtu.be/m3qu6J4cK7E;https://www.canva.com/design/DAHVfMMKZLI/edit;26;https://drive.google.com/file/d/1gl-9un3PETyktO6qN_FRmxVoJ2vl8b8z/view;https://drive.google.com/uc?export=download&id=1gl-9un3PETyktO6qN_FRmxVoJ2vl8b8z;#89 - Tielle Machado.png
#90;O Guia para conquistar a PELE DOS SONHOS;Dra. Larissa Botelho;Refeita no template Anima Saúde (set/2026);;https://youtu.be/J0u3MBhW4Hc;https://www.canva.com/design/DAHVfMMKZLI/edit;27;https://drive.google.com/file/d/13LYrpy6JNCJq8vq2f8avzUGH7DXHvODY/view;https://drive.google.com/uc?export=download&id=13LYrpy6JNCJq8vq2f8avzUGH7DXHvODY;#90 - Larissa Botelho.png
#91;Seu filho vive doente? 3 Sinais de que ele pode estar inflamado;Dra. Nathalia Vianna;Refeita no template Anima Saúde (set/2026);;https://youtu.be/9lgdH_iHy2c;https://www.canva.com/design/DAHVfMMKZLI/edit;28;https://drive.google.com/file/d/111JI6OgI2Qz5Nx2x0HNxrz_7BHrfebGb/view;https://drive.google.com/uc?export=download&id=111JI6OgI2Qz5Nx2x0HNxrz_7BHrfebGb;#91 - Nathalia Vianna.png
#92;5 Sinais de alerta no DESENVOLVIMENTO DA FALA;Dra. Mariana de Oliveira;Refeita no template Anima Saúde (set/2026);;https://youtu.be/OB-WmP_38Rg;https://www.canva.com/design/DAHVfMMKZLI/edit;29;https://drive.google.com/file/d/1Uu6BZE5MjvZKFlfIkF1ALG6ETVd_P_CM/view;https://drive.google.com/uc?export=download&id=1Uu6BZE5MjvZKFlfIkF1ALG6ETVd_P_CM;#92 - Mariana de Oliveira.png
#93;ESCOLIOSE: Tudo o que você precisa saber;Dr. Pedro Paschoal;Refeita no template Anima Saúde (set/2026);;https://youtu.be/FKX6rR9FyTE;https://www.canva.com/design/DAHVfAR6RXc/edit;1;https://drive.google.com/file/d/1At0OMg-FPW9fN5kK8vT1Taw-fgcKC2PE/view;https://drive.google.com/uc?export=download&id=1At0OMg-FPW9fN5kK8vT1Taw-fgcKC2PE;#93 - Pedro Paschoal.png
#94;SAÚDE da MULHER: O que não te contaram sobre hormônios e emoções;Dra. Juliana Neves;Refeita no template Anima Saúde (set/2026);;https://youtu.be/I3QOhZFNIRE;https://www.canva.com/design/DAHVfAR6RXc/edit;2;https://drive.google.com/file/d/1YdtbEloWbq7lyyI04xDQk6jg2PNPR3lC/view;https://drive.google.com/uc?export=download&id=1YdtbEloWbq7lyyI04xDQk6jg2PNPR3lC;#94 - Juliana Neves.png
#95;Câncer de Mama: O que não te contaram;Dra. Marcela Nardi;Refeita no template Anima Saúde (set/2026);;https://youtu.be/d9BQAqCd1q0;https://www.canva.com/design/DAHVfAR6RXc/edit;3;https://drive.google.com/file/d/1ZEKMXW8XPyhLT6ykM1W6bQ-woW4SEq6k/view;https://drive.google.com/uc?export=download&id=1ZEKMXW8XPyhLT6ykM1W6bQ-woW4SEq6k;#95 - Marcela Nardi.png
#96;O FIM DOS EXAGEROS: A nova era da cirurgia plástica;Casal Plástica;Refeita no template Anima Saúde (set/2026);;https://youtu.be/UXcCV2QPW2Q;https://www.canva.com/design/DAHVfAR6RXc/edit;4;https://drive.google.com/file/d/1OjP191QHmd3jcKcYKK-xsluhPR3JS07e/view;https://drive.google.com/uc?export=download&id=1OjP191QHmd3jcKcYKK-xsluhPR3JS07e;#96 - Casal Plástica.png
#97;FALSO NORMAL: O Laudo de Ultrassom que te Impede de Engravidar;Dra. Clariana Maurente;Refeita no template Anima Saúde (set/2026);;https://youtu.be/mA_BIqwURDY;https://www.canva.com/design/DAHVfAR6RXc/edit;5;https://drive.google.com/file/d/13JTBykkdBFgQqMTb_VguAF859jkFrGGu/view;https://drive.google.com/uc?export=download&id=13JTBykkdBFgQqMTb_VguAF859jkFrGGu;#97 - Clariana Maurente.png
#98;QUEDA DE CABELO: As causas que ninguém te conta;Dra. Graça Tavares;Refeita no template Anima Saúde (set/2026);;https://youtu.be/c86k7ixe7ss;https://www.canva.com/design/DAHVfAR6RXc/edit;6;https://drive.google.com/file/d/1IJzRca9YK4msiPZsALJ284YZ0indwAr8/view;https://drive.google.com/uc?export=download&id=1IJzRca9YK4msiPZsALJ284YZ0indwAr8;#98 - Graça Tavares.png
#99;Labirintite ou tontura? O erro comum que quase todo mundo comete;Dr. Fernando Goslin;Refeita no template Anima Saúde (set/2026);;https://youtu.be/tdq6ZqwaTw8;https://www.canva.com/design/DAHVfAR6RXc/edit;7;https://drive.google.com/file/d/1y2rok6Moe1eVtJOHWURRw_D-JiZtMvPb/view;https://drive.google.com/uc?export=download&id=1y2rok6Moe1eVtJOHWURRw_D-JiZtMvPb;#99 - Fernando Goslin.png
#100;O que você precisa saber sobre BRUXISMO;Dra. Andrea Melo;Refeita no template Anima Saúde (set/2026);;https://youtu.be/jgZBHQKEaew;https://www.canva.com/design/DAHVfAR6RXc/edit;8;https://drive.google.com/file/d/1Dz7T59G_Aiv6OYxR_jDmyENQRKOEkbaO/view;https://drive.google.com/uc?export=download&id=1Dz7T59G_Aiv6OYxR_jDmyENQRKOEkbaO;#100 - Andrea Melo.png
#101;HERPES-ZÓSTER: O que é, como tratar e os segredos da prevenção;Dr. Murilo Drummond;Refeita no template Anima Saúde (set/2026);;https://youtu.be/fOKZstvQ2d8;https://www.canva.com/design/DAHVfAR6RXc/edit;9;https://drive.google.com/file/d/1xEf2q02umIPMp2JdoZMzJPSKq2nGmYZl/view;https://drive.google.com/uc?export=download&id=1xEf2q02umIPMp2JdoZMzJPSKq2nGmYZl;#101 - Murilo Drummond.png
#102;FERTILIDADE e HIDROTUBAÇÃO: o que você precisa saber;Dr. André Vaz;Refeita no template Anima Saúde (set/2026);;https://youtu.be/xO7ua54kssg;https://www.canva.com/design/DAHVfAR6RXc/edit;10;https://drive.google.com/file/d/1IafTIw1RjoKiKWS_qlQYv1GqnxmOUOgg/view;https://drive.google.com/uc?export=download&id=1IafTIw1RjoKiKWS_qlQYv1GqnxmOUOgg;#102 - André Vaz.png
#103;Fertilidade e FÉ;Dra. Mariana Francoti;Refeita no template Anima Saúde (set/2026);;https://youtu.be/JWDvPyVcXkg;https://www.canva.com/design/DAHVfAR6RXc/edit;11;https://drive.google.com/file/d/1E6yGAB4gMRG6EHKNr6Y0RIEdtH99zUu5/view;https://drive.google.com/uc?export=download&id=1E6yGAB4gMRG6EHKNr6Y0RIEdtH99zUu5;#103 - Mariana Francoti.png
#104;JOANETE: O que seus pés revelam sobre sua saúde;Dr. José Carlos Cohen;Refeita no template Anima Saúde (set/2026);;https://youtu.be/ShkyQfp0v4c;https://www.canva.com/design/DAHVfAR6RXc/edit;12;https://drive.google.com/file/d/1vrYmYxSgDAoSc4P6R_YIZ4RnfIkHN1M0/view;https://drive.google.com/uc?export=download&id=1vrYmYxSgDAoSc4P6R_YIZ4RnfIkHN1M0;#104 - José Carlos Cohen.png
#105;Como tratar corretamente a ENDOMETRIOSE?;Dr. Igor Chiminacio;Refeita no template Anima Saúde (set/2026);;https://youtu.be/YOb6D04NeSg;https://www.canva.com/design/DAHVfAR6RXc/edit;13;https://drive.google.com/file/d/1gWnHQArZ3eqbTBfUyl3BXzBOEQ_pfsMw/view;https://drive.google.com/uc?export=download&id=1gWnHQArZ3eqbTBfUyl3BXzBOEQ_pfsMw;#105 - Igor Chiminacio.png
#106;O que não te contaram sobre HÉRNIA DE DISCO;Dr. Luiz Sola;Refeita no template Anima Saúde (set/2026);;https://youtu.be/94pu0-LhWGA;https://www.canva.com/design/DAHVfAR6RXc/edit;14;https://drive.google.com/file/d/1DKrSdhrC95LMLtpTr9UFtpUw-vcH1oeB/view;https://drive.google.com/uc?export=download&id=1DKrSdhrC95LMLtpTr9UFtpUw-vcH1oeB;#106 - Luiz Sola.png
#107;ESCLEROSE MÚLTIPLA: Como diagnosticar e tratar a doença;Dr. Marcos Alvarenga;Refeita no template Anima Saúde (set/2026);;https://youtu.be/W9bu8sclNAc;https://www.canva.com/design/DAHVfAR6RXc/edit;15;https://drive.google.com/file/d/1QiTzzbz4eehXpHTn63pZTbQBx1s2KIxd/view;https://drive.google.com/uc?export=download&id=1QiTzzbz4eehXpHTn63pZTbQBx1s2KIxd;#107 - Marcos Alvarenga.png
#108;Rinoplastia: Como conseguir um resultado natural;Dr. Leandro Ventura;Refeita no template Anima Saúde (set/2026);;https://youtu.be/2m5BV_F7he0;https://www.canva.com/design/DAHVfAR6RXc/edit;16;https://drive.google.com/file/d/1jsEh7OdRARxZHIvmsNAnDjqxEFa9cdS1/view;https://drive.google.com/uc?export=download&id=1jsEh7OdRARxZHIvmsNAnDjqxEFa9cdS1;#108 - Leandro Ventura.png
#109;Intolerância à Histamina e Síndrome de Ativação Mastocitária;Sylvia Campos;Refeita no template Anima Saúde (set/2026);;https://youtu.be/xSttcCbgnl8;https://www.canva.com/design/DAHVfAR6RXc/edit;17;https://drive.google.com/file/d/1IgaVeED8HRpX_c5b2vFFcBi6VyGNg74u/view;https://drive.google.com/uc?export=download&id=1IgaVeED8HRpX_c5b2vFFcBi6VyGNg74u;#109 - Sylvia Campos.png
#110;Mente de Campeão: O Que Separa um Atleta Comum de um Ídolo Mundial?;Andréia Batista;Refeita no template Anima Saúde (set/2026);;https://youtu.be/Gl8cVHi-d24;https://www.canva.com/design/DAHVfAR6RXc/edit;18;https://drive.google.com/file/d/1juGPLCMAiLP-4Xj6iZr857m-1eU2HrQu/view;https://drive.google.com/uc?export=download&id=1juGPLCMAiLP-4Xj6iZr857m-1eU2HrQu;#110 - Andréia Batista.png
#111;Neuromielite Óptica: Conheça DOENÇA GRAVE que destrói a VISÃO;Dra. Regina Alvarenga;Refeita no template Anima Saúde (set/2026);;https://youtu.be/xbsxI0q6Vrc;https://www.canva.com/design/DAHVfAR6RXc/edit;19;https://drive.google.com/file/d/1Q7iaHyFAD9QRbxkknkYsd_UnQUn_foO_/view;https://drive.google.com/uc?export=download&id=1Q7iaHyFAD9QRbxkknkYsd_UnQUn_foO_;#111 - Regina Alvarenga.png
#112;Sexualidade e namoro na adolescência e seus impactos no corpo e na alma;Samia Marsili;Refeita no template Anima Saúde (set/2026);;https://youtu.be/IYXrZpw6pKs;https://www.canva.com/design/DAHVfAR6RXc/edit;20;https://drive.google.com/file/d/1IAUbmFgshzMQR2DESSIRh8HW8Czp6dgC/view;https://drive.google.com/uc?export=download&id=1IAUbmFgshzMQR2DESSIRh8HW8Czp6dgC;#112 - Samia Marsili.png
#113;Tudo sobre clareamento e lentes de contato dental;Dr. Gustavo Bastos;Refeita no template Anima Saúde (set/2026);;https://youtu.be/XcBu13PUU-w;https://www.canva.com/design/DAHVfAR6RXc/edit;21;https://drive.google.com/file/d/1BYHZwzyq-UfYpp22SbtDNKkjslNuN7qA/view;https://drive.google.com/uc?export=download&id=1BYHZwzyq-UfYpp22SbtDNKkjslNuN7qA;#113 - Gustavo Bastos.png
#114;Muito Além da Hemorróida: O Guia das Doenças Orificiais;Dra. Patrícia Arias;Refeita no template Anima Saúde (set/2026);;https://youtu.be/9MSrqmtAfes;https://www.canva.com/design/DAHVfAR6RXc/edit;22;https://drive.google.com/file/d/1GJFJnIPJN36tgMiAFX85tzaOucrXdtyp/view;https://drive.google.com/uc?export=download&id=1GJFJnIPJN36tgMiAFX85tzaOucrXdtyp;#114 - Patrícia Arias.png
#115;O Lado Oculto da FIV: O que não te contam;Dra. Melissa Abelha;Refeita no template Anima Saúde (set/2026);;https://youtu.be/9AA2fxfLBGE;https://www.canva.com/design/DAHVfAR6RXc/edit;23;https://drive.google.com/file/d/1nLUFp5dZB2Tr8eIUws2RsGzAalR0tTTN/view;https://drive.google.com/uc?export=download&id=1nLUFp5dZB2Tr8eIUws2RsGzAalR0tTTN;#115 - Melissa Abelha.png
#116;A importância do cuidado ginecológico na adolescência;Dra. Marcela Pires;Refeita no template Anima Saúde (set/2026);;https://youtu.be/l32WAobgbWg;https://www.canva.com/design/DAHVfAR6RXc/edit;24;https://drive.google.com/file/d/1DUGvEP7jN0pekukhPXs8R51y-pFQqlhm/view;https://drive.google.com/uc?export=download&id=1DUGvEP7jN0pekukhPXs8R51y-pFQqlhm;#116 - Marcela Pires.png
#117;Qual é o segundo lugar da face onde mais aparece câncer de pele?;Dr. Marcelo Cury;Refeita no template Anima Saúde (set/2026);;https://youtu.be/Xmh2EVB9oP4;https://www.canva.com/design/DAHVfAR6RXc/edit;25;https://drive.google.com/file/d/1kOP3A9mrPM8f1vuDfN2bIkPPF3IP6WYr/view;https://drive.google.com/uc?export=download&id=1kOP3A9mrPM8f1vuDfN2bIkPPF3IP6WYr;#117 - Marcelo Cury.png
#117;Compulsão alimentar, anorexia e canetas: quando comer vira sintoma;Dr. Higor Caldato;Refeita no template Anima Saúde (set/2026);;https://youtu.be/r8uUqrJuadM;https://www.canva.com/design/DAHVfAR6RXc/edit;26;https://drive.google.com/file/d/1L-EvB4NpxaPfql5fjOTkF-fnvV9xH9KS/view;https://drive.google.com/uc?export=download&id=1L-EvB4NpxaPfql5fjOTkF-fnvV9xH9KS;#117 - Higor Caldato.png
#118;;;Episódio inexistente no YouTube;;;;;;;
#119;Câncer de intestino na família: quando fazer a colonoscopia?;Dr. Guilherme Ravanini;Refeita no template Anima Saúde (set/2026);;https://youtu.be/lANEQAW78Dc;https://www.canva.com/design/DAHVfAR6RXc/edit;27;https://drive.google.com/file/d/1LPVYo6CHPRciUqfXqNBciOHq5Qe2rwoV/view;https://drive.google.com/uc?export=download&id=1LPVYo6CHPRciUqfXqNBciOHq5Qe2rwoV;#119 - Guilherme Ravanini.png
#120;A solidão mata tanto quanto 15 cigarros por dia;Dr. Lucas Lameirão;Refeita no template Anima Saúde (set/2026);;https://youtu.be/i8PDDdjwhWE;https://www.canva.com/design/DAHVfAR6RXc/edit;28;https://drive.google.com/file/d/1Pa_yMBbtcGhDm_fxLxs3P2QLf3eDcS8R/view;https://drive.google.com/uc?export=download&id=1Pa_yMBbtcGhDm_fxLxs3P2QLf3eDcS8R;#120 - Lucas Lameirão.png
#121;Cosmético coreano funciona mesmo na pele da brasileira?;Dra. Mariana Del Rei;Refeita no template Anima Saúde (set/2026);;https://youtu.be/-_P_hMFbd9g;https://www.canva.com/design/DAHVfAR6RXc/edit;29;https://drive.google.com/file/d/1tO-DV3wOLS66eRMPXXsbuK6NvS0pbwmI/view;https://drive.google.com/uc?export=download&id=1tO-DV3wOLS66eRMPXXsbuK6NvS0pbwmI;#121 - Mariana Del Rei.png
